date,username,to,replies,retweets,favorites,text,geo,mentions,hashtags,id,permalink
2014-01-30 23:28:50,RoxArganza,,0,0,0,"Welcome guys sa house ni Mickey mouse! :) @Hongkong Disneyland http://instagram.com/p/jz7taGswqu/",,@Hongkong,,429033494438617089,https://twitter.com/RoxArganza/status/429033494438617089
2014-01-30 21:47:28,ozwah,slipperytit,0,0,0,"@slipperytit @cmkusher Correct. And the house of cards is teetering. A terrible time to buy, in my view.",,@slipperytit @cmkusher,,429007982081212417,https://twitter.com/ozwah/status/429007982081212417
2014-01-30 12:59:04,brendafen,,0,0,0,"I'm at Spaghetti House 意粉屋 (Tung Chung) w/ 2 others http://4sq.com/1eztDMQ",,,,428875007931187200,https://twitter.com/brendafen/status/428875007931187200
2014-01-30 12:55:18,brendafen,,0,0,0,"At The Spaghetti House — https://path.com/p/kNE0f",,,,428874058340384768,https://twitter.com/brendafen/status/428874058340384768
2014-01-30 10:39:27,superEirene,,0,0,1,"Going chinese for dinner! (@Imperial House Dim Sum) http://4sq.com/1ez6gD8",,@Imperial,,428839872284348416,https://twitter.com/superEirene/status/428839872284348416
2014-01-30 05:44:12,Sputniktechno,,0,0,0,"Old style lunch at Lin Heung Tea House, felt like going back in the 60s! #lonelyplanet #travel #HongKong",,,#lonelyplanet #travel #HongKong,428765567437127683,https://twitter.com/Sputniktechno/status/428765567437127683
2014-01-30 01:35:00,Triadi_Beatles,,0,0,0,"Jardine Schindler colleagues (with Richard at Devon House 德宏大廈) [pic] — https://path.com/p/2N2otG",,,,428702854535081985,https://twitter.com/Triadi_Beatles/status/428702854535081985
2014-01-29 13:13:45,dianarngo,,0,0,1,"i don't know any parent that doesn't let her child go to their bestfriends house. like srsly. -.- fml",,,,428516315544842244,https://twitter.com/dianarngo/status/428516315544842244
2014-01-29 07:51:23,SdotbellMMA,,0,0,0,"Cheap Hostel in Hong Kong lol (@Golden Island Guest House) http://4sq.com/1llpMfd",,@Golden,,428435188352561152,https://twitter.com/SdotbellMMA/status/428435188352561152
2014-01-29 05:46:02,BennyDelupo,,0,0,0,"The first family lunch of 2014 in Hong Kong. We celebrated so by dining at an authentic tea house… http://instagram.com/p/jvdSVrko2U/",,,,428403643617124353,https://twitter.com/BennyDelupo/status/428403643617124353
2014-01-28 18:48:54,ericleung97,,0,0,0,"#burgerjoint #hkburger #localburgerjoint #highlyrecommend #exploringhunghom @bs burger house http://instagram.com/p/juSFRACRxc/",,@bs,#burgerjoint #hkburger #localburgerjoint #highlyrecommend #exploringhunghom,428238268271190016,https://twitter.com/ericleung97/status/428238268271190016
2014-01-28 15:45:10,La6ofL7medya,,0,0,0,"Taiwan 2014 @Tea House http://instagram.com/p/jt9DnDJAS-/",,@Tea,,428192031543132160,https://twitter.com/La6ofL7medya/status/428192031543132160
2014-01-28 15:27:28,gkravago,,0,0,0,"Watching Tv #thelegalwife (@Green House) http://4sq.com/1mRRYls",,@Green,#thelegalwife,428187575552339968,https://twitter.com/gkravago/status/428187575552339968
2014-01-28 09:19:01,amandamohar,,0,0,1,"""The printer's closing for #CNY"" ""CNY is Friday. Today is Tues."" ""Yes and today's the day to clean your house. It's tradition."" #hkproblems",,,#CNY #hkproblems,428094855529525248,https://twitter.com/amandamohar/status/428094855529525248
2014-01-28 09:18:33,chocolatemuimui,,0,0,0,"I'm at Terra Coffee House (Macau, Macau SAR) [pic]: http://4sq.com/1buADth",,,,428094738307514368,https://twitter.com/chocolatemuimui/status/428094738307514368
2014-01-28 05:52:32,815042181Wang,,0,0,0,"A man had no money, no car, no house, but he for you so that you will marry him? pic.twitter.com/JGf21Y0ZZH",,,,428042890200096768,https://twitter.com/815042181Wang/status/428042890200096768
2014-01-28 05:43:42,kinlamhui,,0,0,0,"Two days more to Chinese New Year eve!! Can't wait!! Helping my mom decorating n cleaning the house !!!",,,,428040666484965376,https://twitter.com/kinlamhui/status/428040666484965376
2014-01-27 09:25:26,Maroonie82,,0,0,0,"Hong Kong I am in you! Not the smoothest of journeys in but checked in and ready to explore! (@Eaton House 逸東軒) http://4sq.com/1f0t6q3",,@Eaton,,427734082307760128,https://twitter.com/Maroonie82/status/427734082307760128
2014-01-27 07:40:02,agnesyaniar,,0,0,0,"Shark's Room, and yes, this is the meeting room (at Hutchison House 和記大廈) [pic] — https://path.com/p/1JezCa",,,,427707558359363584,https://twitter.com/agnesyaniar/status/427707558359363584
2014-01-26 14:54:01,charlieschroed,,0,0,0,"Red lanterns hang from ceiling of massive temporary opera house constructed of bamboo. #opera #HongKong #Chinapic.twitter.com/80M2B7tDJq",,,#opera #HongKong #Chinapic,427454385979785216,https://twitter.com/charlieschroed/status/427454385979785216
2014-01-26 12:26:04,Studio_Leung,,0,0,0,"Complete full house. Kao Jun Honn's Art Activist in Residence project #wooferten #aair2013 #yaumatei… http://instagram.com/p/jocroBKXEP/",,,#wooferten #aair2013 #yaumatei,427417151105167360,https://twitter.com/Studio_Leung/status/427417151105167360
2014-01-26 12:08:27,vivieeeen,,0,0,0,"So good. (@Qi House of Sichuan) http://4sq.com/1eVknFI",,@Qi,,427412716375248896,https://twitter.com/vivieeeen/status/427412716375248896
2014-01-26 09:58:01,MatthewSimms_,,1,0,0,"Vamos wawrinka (@McSorley's Ale House) http://4sq.com/MedVjS",,@McSorley,,427379892385480704,https://twitter.com/MatthewSimms_/status/427379892385480704
2014-01-26 06:18:58,jonasliu,,0,0,0,"Fresh chips on the house! How nice of them! #locofama #freeofcharge #delicious #appetizers… http://instagram.com/p/jnyqpSl6ZP/",,,#locofama #freeofcharge #delicious #appetizers,427324766698356736,https://twitter.com/jonasliu/status/427324766698356736
2014-01-26 05:28:17,gastronovoyage,,0,0,0,"Tea time Chinese style (@Lock Cha Tea House 樂茶軒) http://4sq.com/1aUeWWT",,@Lock,,427312013296283648,https://twitter.com/gastronovoyage/status/427312013296283648
2014-01-26 05:13:57,dawnbey,,0,0,0,"Lunch!! (@Italy House) http://4sq.com/1eU5ELi",,@Italy,,427308406777872384,https://twitter.com/dawnbey/status/427308406777872384
2014-01-26 01:58:07,alicewansichen,,0,0,0,"Ready to start the day with something 'special'? #durian #chocolate @Murray House 美利樓 http://instagram.com/p/jnU0WGIUR6/",,@Murray,#durian #chocolate,427259120845328384,https://twitter.com/alicewansichen/status/427259120845328384
2014-01-25 13:17:38,ABMckinley,,0,0,2,"That's me on my way home #ferry arrived at #Shekou mad house .. Hotel, chill waiting for midnight… http://instagram.com/p/jl9yf6qzG1/",,,#ferry #Shekou,427067742324539392,https://twitter.com/ABMckinley/status/427067742324539392
2014-01-25 10:20:10,DanielWanderman,,1,0,0,"Got myself some ""Lucky Buns"" @Market House Bakery http://instagram.com/p/jlpeoTCjjd/",,@Market,,427023078821220352,https://twitter.com/DanielWanderman/status/427023078821220352
2014-01-24 13:02:24,awalz,,0,0,0,"Shecky Wong in the house tonight! (@Takeout Comedy Club) [pic]: http://4sq.com/1mBwYz2",,@Takeout,,426701517648060416,https://twitter.com/awalz/status/426701517648060416
2014-01-24 12:30:09,ptreporter,,1,0,0,"Waiting for haircut (@QB House) http://4sq.com/1mBojwJ",,@QB,,426693403955703809,https://twitter.com/ptreporter/status/426693403955703809
2014-01-24 11:24:45,jimmyti,,0,0,0,"House of the dancing water! (@City of Dreams Macau 新濠天地 w/ @jalanbulisimsim) http://4sq.com/1l4DpiU",,@City @jalanbulisimsim,,426676944743448576,https://twitter.com/jimmyti/status/426676944743448576
2014-01-24 08:57:43,aalexchu,dieworkwear,0,0,0,"@dieworkwear I have nothing in my house that plays CDs anymore.",,@dieworkwear,,426639941255196672,https://twitter.com/aalexchu/status/426639941255196672
2014-01-24 06:23:50,yuyatyiupmps,,0,0,0,"Press lunch with new executive chef Nicola Canuti : mini chestnut tart with brandy @The Steak House… http://instagram.com/p/jipo1eEHIv/",,@The,,426601217222262784,https://twitter.com/yuyatyiupmps/status/426601217222262784
2014-01-24 04:01:24,BoomOnlineMag,,0,0,0,"TOMORROW 25 JAN! Legendary House DJ from Holland strikes Club CUBIC with massive force -… http://instagram.com/p/jiZVXeQ0Hq/",,,,426565369713942528,https://twitter.com/BoomOnlineMag/status/426565369713942528
2014-01-24 02:47:47,CalistaGoh,,0,0,0,"What a gorgeous day today! Out of the house to get in my sunshine! #hongkong #sunnydays #work @Apple… http://instagram.com/p/jiQ6WrA4MN/",,@Apple,#hongkong #sunnydays #work,426546844060377088,https://twitter.com/CalistaGoh/status/426546844060377088
2014-01-24 01:09:13,iTatuMz,,0,0,0,"Good morning Hong Kong>>View from my house^____^ @Visalia Garden 蔚山花園 http://instagram.com/p/jiFofTOz52/",,@Visalia,,426522041588924416,https://twitter.com/iTatuMz/status/426522041588924416
2014-01-23 15:02:16,samantha_ingrid,,0,0,0,"Cony with kiwi lol @Yin Kwong House http://instagram.com/p/jhALHMF32w/",,@Yin,,426369298479980544,https://twitter.com/samantha_ingrid/status/426369298479980544
2014-01-23 14:35:36,pardofelino,,0,0,0,"#perfect #lovers bebe hermosa te adoro con todo mi ser!! @Grand Blossom House 盈采華庭 http://instagram.com/p/jg9HtUScDC/",,@Grand,#perfect #lovers,426362584946978816,https://twitter.com/pardofelino/status/426362584946978816
2014-01-23 10:53:28,JohannesPong,,0,0,0,"#担担麵 #Sichuanese #Dandan #noodles #dandanmian #担々麺 @#呇 @Qi House of Sichuan http://instagram.com/p/jgjsw1q7Bw/",,@ @Qi,#担担麵 #Sichuanese #Dandan #noodles #dandanmian #担々麺 #呇,426306684135673856,https://twitter.com/JohannesPong/status/426306684135673856
2014-01-23 10:46:25,JohannesPong,,0,0,0,"The #door to the men's room at a #Sichuan #restaurant in #HongKong #HK @Qi House of Sichuan http://instagram.com/p/jgi5MPK7BS/",,@Qi,#door #Sichuan #restaurant #HongKong #HK,426304911526354944,https://twitter.com/JohannesPong/status/426304911526354944
2014-01-23 10:04:05,JohannesPong,,0,0,0,"#Sichuan #miso #fish @#呇 #HKfood #Sichuanese #HotMiso #HotMess @Qi House of Sichuan http://instagram.com/p/jgeDEmK7OG/",,@ @Qi,#Sichuan #miso #fish #呇 #HKfood #Sichuanese #HotMiso #HotMess,426294255901224960,https://twitter.com/JohannesPong/status/426294255901224960
2014-01-23 09:49:53,JohannesPong,,1,0,0,"#Sichuan style #aubergines #eggplant @#呇 #HKfood #茄子 #川風 @Qi House of Sichuan http://instagram.com/p/jgcbHcK7NG/",,@ @Qi,#Sichuan #aubergines #eggplant #呇 #HKfood #茄子 #川風,426290683918712832,https://twitter.com/JohannesPong/status/426290683918712832
2014-01-23 09:45:24,JohannesPong,,0,0,0,"#Red #greens @#呇 #Sichuanese #HKfood #香港 #川菜 @Qi House of Sichuan http://instagram.com/p/jgb6SmK7Mz/",,@ @Qi,#Red #greens #呇 #Sichuanese #HKfood #香港 #川菜,426289555864846336,https://twitter.com/JohannesPong/status/426289555864846336
2014-01-23 09:31:14,JohannesPong,,0,0,0,"DONE. #Sichuan #Chili #Dungeness #Crab #carcass @#呇 #HKfood @Qi House of Sichuan http://instagram.com/p/jgaShwq7LU/",,@ @Qi,#Sichuan #Chili #Dungeness #Crab #carcass #呇 #HKfood,426285990354096128,https://twitter.com/JohannesPong/status/426285990354096128
2014-01-23 09:22:56,JohannesPong,,0,0,0,"A #Tower of #Sichuan #Chili Dungeness #Crab @#呇 #HKfood @Qi House of Sichuan http://instagram.com/p/jgZVq3K7Kr/",,@ @Qi,#Tower #Sichuan #Chili #Crab #呇 #HKfood,426283899321597952,https://twitter.com/JohannesPong/status/426283899321597952
2014-01-23 06:39:21,JohannesPong,,0,0,0,"#呇 #Sichuan #lettuce #wraps #HKfood @Qi House of Sichuan http://instagram.com/p/jgGnlQq7Pp/",,@Qi,#呇 #Sichuan #lettuce #wraps #HKfood,426242733347725312,https://twitter.com/JohannesPong/status/426242733347725312
2014-01-23 06:14:39,kris_khalliwell,,0,0,0,"These days I don't leave the house unless Iv got a variety of snacks in my handbag #parenting",,,#parenting,426236516277317634,https://twitter.com/kris_khalliwell/status/426236516277317634
2014-01-23 06:03:17,yuyatyiupmps,,0,0,0,"scallion ginger beef 薑牛. Quite nice, sweet and spicy! @Qi House of Sichuan http://instagram.com/p/jgCfXQkHK9/",,@Qi,,426233654793486336,https://twitter.com/yuyatyiupmps/status/426233654793486336
2014-01-23 05:27:23,PenguinSix,,0,0,0,"Massive bus and tram backup in Central. @World-wide House 環球大廈 http://instagram.com/p/jf-YbOhyGB/",,@World,,426224620266868736,https://twitter.com/PenguinSix/status/426224620266868736
2014-01-23 04:52:29,yuyatyiupmps,,0,0,0,"Today's first task is a spicy one @Qi House of Sichuan http://instagram.com/p/jf6Y4vEHEc/",,@Qi,,426215840175124481,https://twitter.com/yuyatyiupmps/status/426215840175124481
2014-01-23 00:43:16,ciphermao,,0,0,0,"Hehu Round House (The Crane Lake Villa; New Crane Lake Residency) 鶴湖新居 - Shenzhen Longgang Hakka Folk… http://instagram.com/p/jau3hglf_r/",,,,426153121560416256,https://twitter.com/ciphermao/status/426153121560416256
2014-01-23 00:43:02,ciphermao,,0,0,0,"The Elders’ Birthday Ceremony 兒孫祝壽 - Hehu Round House (The Crane Lake Villa; New Crane Lake Residency)… http://instagram.com/p/jauj1aFf_b/",,,,426153062273937408,https://twitter.com/ciphermao/status/426153062273937408
2014-01-23 00:42:45,ciphermao,,0,0,0,"The Elders’ Birthday Ceremony 兒孫祝壽 - Hehu Round House (The Crane Lake Villa; New Crane Lake Residency)… http://instagram.com/p/jauZWrlf_T/",,,,426152992078065664,https://twitter.com/ciphermao/status/426152992078065664
2014-01-23 00:42:29,ciphermao,,0,0,0,"The Elders’ Birthday Ceremony 兒孫祝壽 - Hehu Round House (The Crane Lake Villa; New Crane Lake Residency)… http://instagram.com/p/jauMellf_H/",,,,426152925099208706,https://twitter.com/ciphermao/status/426152925099208706
2014-01-23 00:42:14,ciphermao,,0,0,0,"Ancient Well (Xiatian Street) 古井（下天街） - Hehu Round House (The Crane Lake Villa; New Crane Lake… http://instagram.com/p/jatzeMFf-p/",,,,426152863774310400,https://twitter.com/ciphermao/status/426152863774310400
2014-01-23 00:42:01,ciphermao,,0,0,0,"Ancient Well (Xiatian Street) 古井（下天街） - Hehu Round House (The Crane Lake Villa; New Crane Lake… http://instagram.com/p/jatqshlf-a/",,,,426152806559784961,https://twitter.com/ciphermao/status/426152806559784961
2014-01-23 00:33:05,ciphermao,,0,0,0,"Oyster-shell Windows and Screens 蠡殼窗屏 - Hehu Round House (The Crane Lake Villa; New Crane Lake… http://instagram.com/p/jalyU8Ff1B/",,,,426150557926322176,https://twitter.com/ciphermao/status/426150557926322176
2014-01-23 00:32:46,ciphermao,,0,0,0,"Oyster-shell Windows and Screens 蠡殼窗屏 - Hehu Round House (The Crane Lake Villa; New Crane Lake… http://instagram.com/p/jalmCZlf0x/",,,,426150478997913600,https://twitter.com/ciphermao/status/426150478997913600
2014-01-23 00:29:58,ciphermao,,0,0,0,"Impression of the Round Houses 圍屋印象 - Hehu Round House (The Crane Lake Villa; New Crane Lake… http://instagram.com/p/jajr1DlfyU/",,,,426149774086377472,https://twitter.com/ciphermao/status/426149774086377472
2014-01-23 00:29:43,ciphermao,,0,0,0,"Impression of the Round Houses 圍屋印象 - Hehu Round House (The Crane Lake Villa; New Crane Lake… http://instagram.com/p/jajipAFfyM/",,,,426149712274915328,https://twitter.com/ciphermao/status/426149712274915328
2014-01-23 00:29:25,ciphermao,,0,0,0,"Impression of the Round Houses 圍屋印象 - Hehu Round House (The Crane Lake Villa; New Crane Lake… http://instagram.com/p/jajdvhFfyH/",,,,426149634973896704,https://twitter.com/ciphermao/status/426149634973896704
2014-01-23 00:29:11,ciphermao,,0,0,0,"Impression of the Round Houses 圍屋印象 - Hehu Round House (The Crane Lake Villa; New Crane Lake… http://instagram.com/p/jajQ1lFfxy/",,,,426149577096720384,https://twitter.com/ciphermao/status/426149577096720384
2014-01-23 00:28:27,ciphermao,,0,0,0,"Impression of the Round Houses 圍屋印象 - Hehu Round House (The Crane Lake Villa; New Crane Lake… http://instagram.com/p/jai_fjFfxg/",,,,426149394967429120,https://twitter.com/ciphermao/status/426149394967429120
2014-01-23 00:28:00,ciphermao,,0,0,0,"Stone Mill 石磨 - Hehu Round House (The Crane Lake Villa; New Crane Lake Residency) 鶴湖新居 - Shenzhen… http://instagram.com/p/jahruiFfwB/",,,,426149281138225152,https://twitter.com/ciphermao/status/426149281138225152
2014-01-23 00:27:48,ciphermao,,0,0,0,"Stone Mill 石磨 - Hehu Round House (The Crane Lake Villa; New Crane Lake Residency) 鶴湖新居 - Shenzhen… http://instagram.com/p/jahgu-lf_w/",,,,426149230320050176,https://twitter.com/ciphermao/status/426149230320050176
2014-01-23 00:26:53,ciphermao,,0,0,0,"The Hakka oil-pressing Workshop 榨油坊 - Hehu Round House (The Crane Lake Villa; New Crane Lake… http://instagram.com/p/jaeIEhlf7h/",,,,426149000408875010,https://twitter.com/ciphermao/status/426149000408875010
2014-01-23 00:26:35,ciphermao,,0,0,0,"The Hakka oil-pressing Workshop 榨油坊 - Hehu Round House (The Crane Lake Villa; New Crane Lake… http://instagram.com/p/jad_6bFf7U/",,,,426148923796099072,https://twitter.com/ciphermao/status/426148923796099072
2014-01-23 00:26:20,ciphermao,,0,0,0,"The Hakka oil-pressing Workshop 榨油坊 - Hehu Round House (The Crane Lake Villa; New Crane Lake… http://instagram.com/p/jad31qFf7J/",,,,426148862106292224,https://twitter.com/ciphermao/status/426148862106292224
2014-01-23 00:26:05,ciphermao,,0,0,0,"The Hakka oil-pressing Workshop 榨油坊 - Hehu Round House (The Crane Lake Villa; New Crane Lake… http://instagram.com/p/jadwqrFf7B/",,,,426148798038286336,https://twitter.com/ciphermao/status/426148798038286336
2014-01-23 00:24:50,ciphermao,,0,0,0,"The Hakka oil-pressing Workshop 榨油坊 - Hehu Round House (The Crane Lake Villa; New Crane Lake… http://instagram.com/p/jadW67lf6a/",,,,426148485046751232,https://twitter.com/ciphermao/status/426148485046751232
2014-01-23 00:24:40,ciphermao,,0,0,0,"Peripheral Dragon Hall (damaged) 外圍龍廳（已損毀） - Hehu Round House (The Crane Lake Villa; New Crane Lake… http://instagram.com/p/jacrAlFf5b/",,,,426148441086234624,https://twitter.com/ciphermao/status/426148441086234624
2014-01-23 00:23:50,ciphermao,,0,0,0,"The Resumed House 原居室 - Hehu Round House (The Crane Lake Villa; New Crane Lake Residency) 鶴湖新居 -… http://instagram.com/p/jaZWqhlf0w/",,,,426148230351822848,https://twitter.com/ciphermao/status/426148230351822848
2014-01-23 00:23:34,ciphermao,,0,0,0,"The Resumed House 原居室 - Hehu Round House (The Crane Lake Villa; New Crane Lake Residency) 鶴湖新居 -… http://instagram.com/p/jaZQLwlf0n/",,,,426148163796606976,https://twitter.com/ciphermao/status/426148163796606976
2014-01-23 00:23:23,ciphermao,,0,0,0,"The Resumed House 原居室 - Hehu Round House (The Crane Lake Villa; New Crane Lake Residency) 鶴湖新居 -… http://instagram.com/p/jaZFo_Ff0X/",,,,426148118829481984,https://twitter.com/ciphermao/status/426148118829481984
2014-01-23 00:23:07,ciphermao,,0,0,0,"The Resumed House 原居室 - Hehu Round House (The Crane Lake Villa; New Crane Lake Residency) 鶴湖新居 -… http://instagram.com/p/jaY_AqFf0R/",,,,426148049812201472,https://twitter.com/ciphermao/status/426148049812201472
2014-01-23 00:22:57,ciphermao,,0,0,0,"The Resumed House 原居室 - Hehu Round House (The Crane Lake Villa; New Crane Lake Residency) 鶴湖新居 -… http://instagram.com/p/jaY2OGFf0B/",,,,426148011056824320,https://twitter.com/ciphermao/status/426148011056824320
2014-01-23 00:21:44,ciphermao,,0,0,0,"The Resumed House 原居室 - Hehu Round House (The Crane Lake Villa; New Crane Lake Residency) 鶴湖新居 -… http://instagram.com/p/jaYsZgFfzv/",,,,426147701106180096,https://twitter.com/ciphermao/status/426147701106180096
2014-01-23 00:21:30,ciphermao,,0,0,0,"The Resumed House 原居室 - Hehu Round House (The Crane Lake Villa; New Crane Lake Residency) 鶴湖新居 -… http://instagram.com/p/jaYjGhFfzl/",,,,426147645015740416,https://twitter.com/ciphermao/status/426147645015740416
2014-01-23 00:21:16,ciphermao,,0,0,0,"Luo Qiuhang’s Former Residence 羅秋航故居 - Hehu Round House (The Crane Lake Villa; New Crane Lake… http://instagram.com/p/jaYANpFfyw/",,,,426147583925706752,https://twitter.com/ciphermao/status/426147583925706752
2014-01-23 00:21:02,ciphermao,,0,0,0,"Luo Qiuhang’s Former Residence 羅秋航故居 - Hehu Round House (The Crane Lake Villa; New Crane Lake… http://instagram.com/p/jaX2xqlfyg/",,,,426147524987351040,https://twitter.com/ciphermao/status/426147524987351040
2014-01-23 00:20:49,ciphermao,,0,0,0,"Luo Qiuhang’s Former Residence 羅秋航故居 - Hehu Round House (The Crane Lake Villa; New Crane Lake… http://instagram.com/p/jaXpELlfyQ/",,,,426147473607131136,https://twitter.com/ciphermao/status/426147473607131136
2014-01-23 00:20:38,ciphermao,,0,0,0,"Luo Qiuhang’s Former Residence 羅秋航故居 - Hehu Round House (The Crane Lake Villa; New Crane Lake… http://instagram.com/p/jaXgIilfyF/",,,,426147424907042816,https://twitter.com/ciphermao/status/426147424907042816
2014-01-23 00:20:19,ciphermao,,0,0,0,"Luo Qiuhang’s Former Residence 羅秋航故居 - Hehu Round House (The Crane Lake Villa; New Crane Lake… http://instagram.com/p/jaXSDGFfxq/",,,,426147345957683200,https://twitter.com/ciphermao/status/426147345957683200
2014-01-23 00:20:06,ciphermao,,0,0,0,"Luo Qiuhang’s Former Residence 羅秋航故居 - Hehu Round House (The Crane Lake Villa; New Crane Lake… http://instagram.com/p/jaWkJRlfwp/",,,,426147293822455808,https://twitter.com/ciphermao/status/426147293822455808
2014-01-23 00:19:56,ciphermao,,0,0,0,"Luo Qiuhang’s Former Residence 羅秋航故居 - Hehu Round House (The Crane Lake Villa; New Crane Lake… http://instagram.com/p/jaWYgtlfwZ/",,,,426147251707465728,https://twitter.com/ciphermao/status/426147251707465728
2014-01-23 00:19:28,ciphermao,,0,0,0,"Side Yard 側院 - Hehu Round House (The Crane Lake Villa; New Crane Lake Residency) 鶴湖新居 - Shenzhen… http://instagram.com/p/jaWO9AFfwR/",,,,426147133071560704,https://twitter.com/ciphermao/status/426147133071560704
2014-01-23 00:19:13,ciphermao,,0,0,0,"Side Yard 側院 - Hehu Round House (The Crane Lake Villa; New Crane Lake Residency) 鶴湖新居 - Shenzhen… http://instagram.com/p/jaWJmaFfwL/",,,,426147071142666240,https://twitter.com/ciphermao/status/426147071142666240
2014-01-23 00:18:58,ciphermao,,0,0,0,"Side Yard 側院 - Hehu Round House (The Crane Lake Villa; New Crane Lake Residency) 鶴湖新居 - Shenzhen… http://instagram.com/p/jaWDYQFfwG/",,,,426147008123260928,https://twitter.com/ciphermao/status/426147008123260928
2014-01-23 00:18:30,ciphermao,,0,0,0,"Side Yard 側院 - Hehu Round House (The Crane Lake Villa; New Crane Lake Residency) 鶴湖新居 - Shenzhen… http://instagram.com/p/jaV6wUFf_6/",,,,426146891379015681,https://twitter.com/ciphermao/status/426146891379015681
2014-01-23 00:18:07,ciphermao,,0,0,0,"Side Yard 側院 - Hehu Round House (The Crane Lake Villa; New Crane Lake Residency) 鶴湖新居 - Shenzhen… http://instagram.com/p/jaV0V_Ff_t/",,,,426146793731407872,https://twitter.com/ciphermao/status/426146793731407872
2014-01-23 00:17:35,ciphermao,,0,0,0,"Side Yard 側院 - Hehu Round House (The Crane Lake Villa; New Crane Lake Residency) 鶴湖新居 - Shenzhen… http://instagram.com/p/jaVnT_lf_f/",,,,426146660600016898,https://twitter.com/ciphermao/status/426146660600016898
2014-01-23 00:17:17,ciphermao,,0,0,0,"Side Yard 側院 - Hehu Round House (The Crane Lake Villa; New Crane Lake Residency) 鶴湖新居 - Shenzhen… http://instagram.com/p/jaVbjrlf_O/",,,,426146581499621376,https://twitter.com/ciphermao/status/426146581499621376
2014-01-23 00:17:01,ciphermao,,0,0,0,"Ancient Well (Side Yard) 古井（側院） - Hehu Round House (The Crane Lake Villa; New Crane Lake Residency)… http://instagram.com/p/jaVQZRFf_C/",,,,426146517624573952,https://twitter.com/ciphermao/status/426146517624573952
2014-01-23 00:16:44,ciphermao,,0,0,0,"Side Yard 側院 - Hehu Round House (The Crane Lake Villa; New Crane Lake Residency) 鶴湖新居 - Shenzhen… http://instagram.com/p/jaUzu8Ff-e/",,,,426146445507690496,https://twitter.com/ciphermao/status/426146445507690496
2014-01-23 00:16:30,ciphermao,,0,0,0,"The Periodical Market at Longgang (Longgang Market) 龍崗墟市 - Hehu Round House (The Crane Lake Villa; New… http://instagram.com/p/jYvSkolf4H/",,,,426146384564482048,https://twitter.com/ciphermao/status/426146384564482048
2014-01-23 00:15:00,ciphermao,,0,0,0,"The Periodical Market at Longgang (Longgang Market) 龍崗墟市 - Hehu Round House (The Crane Lake Villa; New… http://instagram.com/p/jYvMSAlf4C/",,,,426146007249076224,https://twitter.com/ciphermao/status/426146007249076224
2014-01-22 18:19:46,LeraDubrovina,,0,0,0,"I'm at The Upper House 奕居 (Central) http://4sq.com/1kYt3kx",,,,426056612449898496,https://twitter.com/LeraDubrovina/status/426056612449898496
2014-01-22 13:08:42,NouraAldeg,,0,0,0,"I'm at The Steak House Winebar + Grill w/ @saraaldeg @aljoharaamd http://4sq.com/1hiyIMx",,@saraaldeg @aljoharaamd,,425978329238634496,https://twitter.com/NouraAldeg/status/425978329238634496
2014-01-22 12:27:08,hkphotobox,,0,0,0,"Running Man in the house!! #金鐘國 #kimjongkook #ponyhk @Watermark http://instagram.com/p/jeJn62N5TZ/",,@Watermark,#金鐘國 #kimjongkook #ponyhk,425967867302260736,https://twitter.com/hkphotobox/status/425967867302260736
2014-01-22 11:36:27,imjoandoctor,,0,1,0,"RT @DanieldBassist: Construction of DJ's house, it will be finish on March. Same village sila ni Kath diba? Hihi. pic.twitter.com/HUfBFudsM0",,@DanieldBassist,,425955112461160448,https://twitter.com/imjoandoctor/status/425955112461160448
2014-01-22 11:11:51,bobbynzc,OhSengie,0,0,0,"@OhSengie rebel. in the house",,@OhSengie,,425948923241304064,https://twitter.com/bobbynzc/status/425948923241304064
2014-01-22 10:18:06,ciphermao,,0,0,0,"The Periodical Market at Longgang (Longgang Market) 龍崗墟市 - Hehu Round House (The Crane Lake Villa; New… http://instagram.com/p/jYvGvLFf37/",,,,425935397466935296,https://twitter.com/ciphermao/status/425935397466935296
2014-01-22 10:17:09,ciphermao,,0,0,0,"The Periodical Market at Longgang (Longgang Market) 龍崗墟市 - Hehu Round House (The Crane Lake Villa; New… http://instagram.com/p/jYvByDFf32/",,,,425935157783461888,https://twitter.com/ciphermao/status/425935157783461888
2014-01-22 10:16:57,ciphermao,,0,0,0,"The Periodical Market at Longgang (Longgang Market) 龍崗墟市 - Hehu Round House (The Crane Lake Villa; New… http://instagram.com/p/jYu7oMlf3z/",,,,425935104528375808,https://twitter.com/ciphermao/status/425935104528375808
2014-01-22 10:16:45,ciphermao,,0,0,0,"The Periodical Market at Longgang (Longgang Market) 龍崗墟市 - Hehu Round House (The Crane Lake Villa; New… http://instagram.com/p/jYux01lf3s/",,,,425935056419692544,https://twitter.com/ciphermao/status/425935056419692544
2014-01-22 10:16:32,ciphermao,,0,0,0,"The Periodical Market at Longgang (Longgang Market) 龍崗墟市 - Hehu Round House (The Crane Lake Villa; New… http://instagram.com/p/jYuqGElf3m/",,,,425935000681607168,https://twitter.com/ciphermao/status/425935000681607168
2014-01-22 10:16:20,ciphermao,,0,0,0,"The Periodical Market at Longgang (Longgang Market) 龍崗墟市 - Hehu Round House (The Crane Lake Villa; New… http://instagram.com/p/jYui-AFf3f/",,,,425934950316404736,https://twitter.com/ciphermao/status/425934950316404736
2014-01-22 10:16:08,ciphermao,,0,0,0,"The Periodical Market at Longgang (Longgang Market) 龍崗墟市 - Hehu Round House (The Crane Lake Villa; New… http://instagram.com/p/jYua8Rlf3b/",,,,425934901561802752,https://twitter.com/ciphermao/status/425934901561802752
2014-01-22 10:15:56,ciphermao,,0,0,0,"The Periodical Market at Longgang (Longgang Market) 龍崗墟市 - Hehu Round House (The Crane Lake Villa; New… http://instagram.com/p/jYuHcnlf3G/",,,,425934849514680320,https://twitter.com/ciphermao/status/425934849514680320
2014-01-22 10:15:45,ciphermao,,0,0,0,"The Periodical Market at Longgang (Longgang Market) 龍崗墟市 - Hehu Round House (The Crane Lake Villa; New… http://instagram.com/p/jYt5i_Ff27/",,,,425934805017317376,https://twitter.com/ciphermao/status/425934805017317376
2014-01-22 10:15:32,ciphermao,,0,0,0,"The Periodical Market at Longgang (Longgang Market) 龍崗墟市 - Hehu Round House (The Crane Lake Villa; New… http://instagram.com/p/jYtx0Wlf24/",,,,425934748796850176,https://twitter.com/ciphermao/status/425934748796850176
2014-01-22 10:14:58,ciphermao,,0,0,0,"The Periodical Market at Longgang (Longgang Market) 龍崗墟市 - Hehu Round House (The Crane Lake Villa; New… http://instagram.com/p/jYtq55lf2x/",,,,425934607222321152,https://twitter.com/ciphermao/status/425934607222321152
2014-01-22 10:14:37,ciphermao,,0,0,0,"The Periodical Market at Longgang (Longgang Market) 龍崗墟市 - Hehu Round House (The Crane Lake Villa; New… http://instagram.com/p/jYtNDqFf2b/",,,,425934517581647873,https://twitter.com/ciphermao/status/425934517581647873
2014-01-22 10:14:22,ciphermao,,0,0,0,"The Periodical Market at Longgang (Longgang Market) 龍崗墟市 - Hehu Round House (The Crane Lake Villa; New… http://instagram.com/p/jYtC65lf2U/",,,,425934457846386688,https://twitter.com/ciphermao/status/425934457846386688
2014-01-22 10:14:07,ciphermao,,0,0,0,"The Periodical Market at Longgang (Longgang Market) 龍崗墟市 - Hehu Round House (The Crane Lake Villa; New… http://instagram.com/p/jYs2dGFf2J/",,,,425934392599785472,https://twitter.com/ciphermao/status/425934392599785472
2014-01-22 10:13:52,ciphermao,,0,0,0,"The Periodical Market at Longgang (Longgang Market) 龍崗墟市 - Hehu Round House (The Crane Lake Villa; New… http://instagram.com/p/jYshpYlf1_/",,,,425934328615698432,https://twitter.com/ciphermao/status/425934328615698432
2014-01-22 10:13:42,ciphermao,,0,0,0,"The Periodical Market at Longgang (Longgang Market) 龍崗墟市 - Hehu Round House (The Crane Lake Villa; New… http://instagram.com/p/jYsKOUFf1z/",,,,425934288115478528,https://twitter.com/ciphermao/status/425934288115478528
2014-01-22 10:13:15,ciphermao,,0,0,0,"The Periodical Market at Longgang (Longgang Market) 龍崗墟市 - Hehu Round House (The Crane Lake Villa; New… http://instagram.com/p/jYr9a-lf1w/",,,,425934174852497408,https://twitter.com/ciphermao/status/425934174852497408
2014-01-22 10:06:55,ciphermao,,0,0,0,"Literature and Education 崇文重教 - Hehu Round House (The Crane Lake Villa; New Crane Lake Residency) 鶴湖新居… http://instagram.com/p/jYouHUFfzp/",,,,425932581583204352,https://twitter.com/ciphermao/status/425932581583204352
2014-01-22 10:06:43,ciphermao,,0,0,0,"Literature and Education 崇文重教 - Hehu Round House (The Crane Lake Villa; New Crane Lake Residency) 鶴湖新居… http://instagram.com/p/jYopnDFfzh/",,,,425932531989749760,https://twitter.com/ciphermao/status/425932531989749760
2014-01-22 10:06:30,ciphermao,,0,0,0,"Literature and Education 崇文重教 - Hehu Round House (The Crane Lake Villa; New Crane Lake Residency) 鶴湖新居… http://instagram.com/p/jYogihlfzb/",,,,425932476415213568,https://twitter.com/ciphermao/status/425932476415213568
2014-01-22 10:06:15,ciphermao,,0,0,0,"Literature and Education 崇文重教 - Hehu Round House (The Crane Lake Villa; New Crane Lake Residency) 鶴湖新居… http://instagram.com/p/jYoI0sFfzF/",,,,425932415404871680,https://twitter.com/ciphermao/status/425932415404871680
2014-01-22 10:06:04,ciphermao,,0,0,0,"Literature and Education 崇文重教 - Hehu Round House (The Crane Lake Villa; New Crane Lake Residency) 鶴湖新居… http://instagram.com/p/jYn673Ffy9/",,,,425932366486732800,https://twitter.com/ciphermao/status/425932366486732800
2014-01-22 10:05:51,ciphermao,,0,0,0,"Literature and Education 崇文重教 - Hehu Round House (The Crane Lake Villa; New Crane Lake Residency) 鶴湖新居… http://instagram.com/p/jYnzUnFfy3/",,,,425932312279547904,https://twitter.com/ciphermao/status/425932312279547904
2014-01-22 10:05:34,ciphermao,,0,0,0,"Literature and Education 崇文重教 - Hehu Round House (The Crane Lake Villa; New Crane Lake Residency) 鶴湖新居… http://instagram.com/p/jYniuTFfyy/",,,,425932241127358464,https://twitter.com/ciphermao/status/425932241127358464
2014-01-22 10:05:22,ciphermao,,0,0,0,"Literature and Education 崇文重教 - Hehu Round House (The Crane Lake Villa; New Crane Lake Residency) 鶴湖新居… http://instagram.com/p/jYnVBgFfyq/",,,,425932190321737728,https://twitter.com/ciphermao/status/425932190321737728
2014-01-22 10:05:07,ciphermao,,0,0,0,"Literature and Education 崇文重教 - Hehu Round House (The Crane Lake Villa; New Crane Lake Residency) 鶴湖新居… http://instagram.com/p/jYnJXLFfyl/",,,,425932129605005312,https://twitter.com/ciphermao/status/425932129605005312
2014-01-22 10:04:52,ciphermao,,0,0,0,"Literature and Education 崇文重教 - Hehu Round House (The Crane Lake Villa; New Crane Lake Residency) 鶴湖新居… http://instagram.com/p/jYm_WGFfyg/",,,,425932066493325312,https://twitter.com/ciphermao/status/425932066493325312
2014-01-22 10:03:41,ciphermao,,0,0,0,"Literature and Education 崇文重教 - Hehu Round House (The Crane Lake Villa; New Crane Lake Residency) 鶴湖新居… http://instagram.com/p/jYmQ7plfyM/",,,,425931768135692288,https://twitter.com/ciphermao/status/425931768135692288
2014-01-22 09:47:33,ciphermao,,0,0,0,"Intangible Cultural Heritage 非物質文化遺產 - Hehu Round House (The Crane Lake Villa; New Crane Lake… http://instagram.com/p/jYdQALFf72/",,,,425927709563580416,https://twitter.com/ciphermao/status/425927709563580416
2014-01-22 09:47:17,ciphermao,,0,0,0,"Intangible Cultural Heritage 非物質文化遺產 - Hehu Round House (The Crane Lake Villa; New Crane Lake… http://instagram.com/p/jYdK2slf7y/",,,,425927640231718912,https://twitter.com/ciphermao/status/425927640231718912
2014-01-22 09:47:01,ciphermao,,0,0,0,"Intangible Cultural Heritage 非物質文化遺產 - Hehu Round House (The Crane Lake Villa; New Crane Lake… http://instagram.com/p/jYdBoeFf7r/",,,,425927571566755840,https://twitter.com/ciphermao/status/425927571566755840
2014-01-22 09:46:43,ciphermao,,0,0,0,"Intangible Cultural Heritage 非物質文化遺產 - Hehu Round House (The Crane Lake Villa; New Crane Lake… http://instagram.com/p/jYcqC3lf7Q/",,,,425927499416342528,https://twitter.com/ciphermao/status/425927499416342528
2014-01-22 09:46:31,ciphermao,,0,0,0,"Intangible Cultural Heritage 非物質文化遺產 - Hehu Round House (The Crane Lake Villa; New Crane Lake… http://instagram.com/p/jYckDhlf7N/",,,,425927447478284288,https://twitter.com/ciphermao/status/425927447478284288
2014-01-22 09:46:10,ciphermao,,0,0,0,"Intangible Cultural Heritage 非物質文化遺產 - Hehu Round House (The Crane Lake Villa; New Crane Lake… http://instagram.com/p/jYcZsvFf7E/",,,,425927359263678464,https://twitter.com/ciphermao/status/425927359263678464
2014-01-22 09:45:36,ciphermao,,0,0,0,"Intangible Cultural Heritage 非物質文化遺產 - Hehu Round House (The Crane Lake Villa; New Crane Lake… http://instagram.com/p/jYcUgKlf7B/",,,,425927218825789440,https://twitter.com/ciphermao/status/425927218825789440
2014-01-22 09:44:38,ciphermao,,0,0,0,"Intangible Cultural Heritage 非物質文化遺產 - Hehu Round House (The Crane Lake Villa; New Crane Lake… http://instagram.com/p/jYb3pelf6n/",,,,425926971999408128,https://twitter.com/ciphermao/status/425926971999408128
2014-01-22 09:30:21,ciphermao,,0,0,0,"Patio of the Ancestral Temple 祠堂天井 - Hehu Round House (The Crane Lake Villa; New Crane Lake Residency)… http://instagram.com/p/jYKDyElf4p/",,,,425923377824808960,https://twitter.com/ciphermao/status/425923377824808960
2014-01-22 09:30:02,ciphermao,,0,0,0,"Patio of the Ancestral Temple 祠堂天井 - Hehu Round House (The Crane Lake Villa; New Crane Lake Residency)… http://instagram.com/p/jYJ63dlf4Z/",,,,425923298782752769,https://twitter.com/ciphermao/status/425923298782752769
2014-01-22 09:28:37,ciphermao,,0,0,0,"Patio of the Ancestral Temple 祠堂天井 - Hehu Round House (The Crane Lake Villa; New Crane Lake Residency)… http://instagram.com/p/jYJxhrFf4M/",,,,425922942938394624,https://twitter.com/ciphermao/status/425922942938394624
2014-01-22 09:28:19,ciphermao,,0,0,0,"Patio of the Ancestral Temple 祠堂天井 - Hehu Round House (The Crane Lake Villa; New Crane Lake Residency)… http://instagram.com/p/jYJn7vlf4B/",,,,425922868204298240,https://twitter.com/ciphermao/status/425922868204298240
2014-01-22 05:27:43,Katie_Kenny,,0,0,0,"Hipster dumplings with the @hk_magazine crew. Simply amazeballs @Traditional Beijing Dumpling House http://instagram.com/p/jdZoE_JCpA/",,@hk_magazine @Traditional,,425862320448098304,https://twitter.com/Katie_Kenny/status/425862320448098304
2014-01-22 05:08:29,ciphermao,,0,0,0,"外翰第 - Hehu Round House (The Crane Lake Villa; New Crane Lake Residency) 鶴湖新居 - Shenzhen Longgang Hakka… http://instagram.com/p/jYFIl6Ffyl/",,,,425857478589706240,https://twitter.com/ciphermao/status/425857478589706240
2014-01-22 05:06:33,ciphermao,,0,0,0,"Hehu Round House (The Crane Lake Villa; New Crane Lake Residency) 鶴湖新居 - Shenzhen Longgang Hakka Folk… http://instagram.com/p/jX_t_1Ff6P/",,,,425856991437664257,https://twitter.com/ciphermao/status/425856991437664257
2014-01-22 05:06:10,ciphermao,,0,0,0,"Hehu Round House (The Crane Lake Villa; New Crane Lake Residency) 鶴湖新居 - Shenzhen Longgang Hakka Folk… http://instagram.com/p/jX_ocQlf6D/",,,,425856893136146432,https://twitter.com/ciphermao/status/425856893136146432
2014-01-22 05:05:57,ciphermao,,0,0,0,"Hehu Round House (The Crane Lake Villa; New Crane Lake Residency) 鶴湖新居 - Shenzhen Longgang Hakka Folk… http://instagram.com/p/jX_gQgFf50/",,,,425856841655275520,https://twitter.com/ciphermao/status/425856841655275520
2014-01-22 05:05:26,ciphermao,,0,0,0,"Hehu Round House (The Crane Lake Villa; New Crane Lake Residency) 鶴湖新居 - Shenzhen Longgang Hakka Folk… http://instagram.com/p/jX8mlLFf05/",,,,425856712428769281,https://twitter.com/ciphermao/status/425856712428769281
2014-01-22 05:05:10,ciphermao,,0,0,0,"Hehu Round House (The Crane Lake Villa; New Crane Lake Residency) 鶴湖新居 - Shenzhen Longgang Hakka Folk… http://instagram.com/p/jX8fN0Ff0q/",,,,425856641494700032,https://twitter.com/ciphermao/status/425856641494700032
2014-01-22 05:04:51,ciphermao,,0,0,0,"Hehu Round House (The Crane Lake Villa; New Crane Lake Residency) 鶴湖新居 - Shenzhen Longgang Hakka Folk… http://instagram.com/p/jX8YDplf0i/",,,,425856563384156160,https://twitter.com/ciphermao/status/425856563384156160
2014-01-22 05:04:35,ciphermao,,0,0,0,"Hehu Round House (The Crane Lake Villa; New Crane Lake Residency) 鶴湖新居 - Shenzhen Longgang Hakka Folk… http://instagram.com/p/jX8Fu_Ff0F/",,,,425856496703135744,https://twitter.com/ciphermao/status/425856496703135744
2014-01-22 05:04:15,ciphermao,,0,0,0,"Hehu Round House (The Crane Lake Villa; New Crane Lake Residency) 鶴湖新居 - Shenzhen Longgang Hakka Folk… http://instagram.com/p/jX75SIFfzr/",,,,425856413488128000,https://twitter.com/ciphermao/status/425856413488128000
2014-01-22 05:03:58,ciphermao,,0,0,0,"Hehu Round House (The Crane Lake Villa; New Crane Lake Residency) 鶴湖新居 - Shenzhen Longgang Hakka Folk… http://instagram.com/p/jX7gfZFfy4/",,,,425856339999723520,https://twitter.com/ciphermao/status/425856339999723520
2014-01-22 05:03:29,ciphermao,,0,0,0,"Hehu Round House (The Crane Lake Villa; New Crane Lake Residency) 鶴湖新居 - Shenzhen Longgang Hakka Folk… http://instagram.com/p/jX7WVHlfyo/",,,,425856219866497024,https://twitter.com/ciphermao/status/425856219866497024
2014-01-22 05:03:13,ciphermao,,0,0,0,"Hehu Round House (The Crane Lake Villa; New Crane Lake Residency) 鶴湖新居 - Shenzhen Longgang Hakka Folk… http://instagram.com/p/jX7LT1FfyY/",,,,425856152392712192,https://twitter.com/ciphermao/status/425856152392712192
2014-01-22 05:02:54,ciphermao,,0,0,0,"Hehu Round House (The Crane Lake Villa; New Crane Lake Residency) 鶴湖新居 - Shenzhen Longgang Hakka Folk… http://instagram.com/p/jX53JGlfwG/",,,,425856074143789056,https://twitter.com/ciphermao/status/425856074143789056
2014-01-22 05:01:58,ciphermao,,0,0,0,"Hehu Round House (The Crane Lake Villa; New Crane Lake Residency) 鶴湖新居 - Shenzhen Longgang Hakka Folk… http://instagram.com/p/jX5xColf_5/",,,,425855839367618560,https://twitter.com/ciphermao/status/425855839367618560
2014-01-22 05:00:36,ciphermao,,0,0,0,"Hehu Round House (The Crane Lake Villa; New Crane Lake Residency) 鶴湖新居 - Shenzhen Longgang Hakka Folk… http://instagram.com/p/jX5PlRFf-1/",,,,425855493266235392,https://twitter.com/ciphermao/status/425855493266235392
2014-01-22 05:00:20,ciphermao,,0,0,0,"Hehu Round House (The Crane Lake Villa; New Crane Lake Residency) 鶴湖新居 - Shenzhen Longgang Hakka Folk… http://instagram.com/p/jX4i0PFf93/",,,,425855426945908736,https://twitter.com/ciphermao/status/425855426945908736
2014-01-22 04:59:24,ciphermao,,0,0,0,"Hehu Round House (The Crane Lake Villa; New Crane Lake Residency) 鶴湖新居 - Shenzhen Longgang Hakka Folk… http://instagram.com/p/jX4W1plf9j/",,,,425855191855157249,https://twitter.com/ciphermao/status/425855191855157249
2014-01-22 04:59:08,ciphermao,,0,0,0,"Hehu Round House (The Crane Lake Villa; New Crane Lake Residency) 鶴湖新居 - Shenzhen Longgang Hakka Folk… http://instagram.com/p/jX3_nDFf9E/",,,,425855123966136320,https://twitter.com/ciphermao/status/425855123966136320
2014-01-22 03:27:48,cocomarett,,0,0,0,"Tuesday evening well spent. Great catching up with karimtabar & si_bonobo @The Upper House 奕居 http://instagram.com/p/jbfskCi6Ln/",,@The,,425832139931021312,https://twitter.com/cocomarett/status/425832139931021312
2014-01-22 03:23:59,MarieLhorie,,0,0,0,"CNY almost here. Good luck everyone. Kung Hei Fat Choi. (@The Spaghetti House) [pic]: http://4sq.com/KC8dXS",,@The,,425831179808694272,https://twitter.com/MarieLhorie/status/425831179808694272
2014-01-21 22:44:19,vjmelvs,,0,0,0,"And because of that, we took the Red Panda home and named it TST! #TST #souvenir @Yiu Fai Guest House… http://instagram.com/p/jcrda1GPcv/",,@Yiu,#TST #souvenir,425760799102341120,https://twitter.com/vjmelvs/status/425760799102341120
2014-01-21 16:18:46,PeachViolet1,,0,0,0,"Lovely jubbly seafood carbonara... @The Spaghetti House http://instagram.com/p/jb_VqOSIbW/",,@The,,425663774511890432,https://twitter.com/PeachViolet1/status/425663774511890432
2014-01-21 13:59:55,edznyc,,1,0,0,"UMO rocking the house. (@Grappa's Cellar for Unknown Mortal Orchestra w/ 4 others) http://4sq.com/Ky8vPk",,@Grappa,,425628830611824640,https://twitter.com/edznyc/status/425628830611824640
2014-01-21 13:56:08,La6ofL7medya,,0,0,0,"The House of DANCING WATER Macau 2014 @Macau http://instagram.com/p/jbvA6WJAbm/",,@Macau,,425627877246533632,https://twitter.com/La6ofL7medya/status/425627877246533632
2014-01-21 13:54:19,La6ofL7medya,,0,0,0,"The House of DANCING WATER Macau 2014 @Macau http://instagram.com/p/jbuzpgJAbV/",,@Macau,,425627421489233920,https://twitter.com/La6ofL7medya/status/425627421489233920
2014-01-21 13:50:46,La6ofL7medya,,0,0,0,"The House of DANCING WATER Macau 2014 @Macau http://instagram.com/p/jbuZkupAa8/",,@Macau,,425626525745315840,https://twitter.com/La6ofL7medya/status/425626525745315840
2014-01-21 13:40:56,La6ofL7medya,,1,0,0,"The House of DANCING WATER Macau 2014 @Macau http://instagram.com/p/jbtRjGpAZ-/",,@Macau,,425624050887827456,https://twitter.com/La6ofL7medya/status/425624050887827456
2014-01-21 13:37:24,La6ofL7medya,,0,0,0,"The House of DANCING WATER Macau 2014 @Macau http://instagram.com/p/jbs3orJAZp/",,@Macau,,425623161401790464,https://twitter.com/La6ofL7medya/status/425623161401790464
2014-01-21 06:35:29,CINDIEMINDIE,,0,0,0,"Lunch with #EdoardoCaovilla, son of #ReneCaovilla today :) @The Upper House 奕居 http://instagram.com/p/ja8k81Fw__/",,@The,#EdoardoCaovilla #ReneCaovilla,425516984777064448,https://twitter.com/CINDIEMINDIE/status/425516984777064448
2014-01-21 06:27:48,Rigatoni25,,0,0,0,"@JamesL1927 started watching house or cards last night.. Really good. I assume you've seen it??",,@JamesL1927,,425515049210220544,https://twitter.com/Rigatoni25/status/425515049210220544
2014-01-21 03:12:14,imnmoz,,0,0,0,"เปลี่ยนชื่อเป็น HK Thai town เถอะค่ะ (@HK Tai San Guest House | Harilela) http://4sq.com/1mxLuLd",,@HK,,425465832903565312,https://twitter.com/imnmoz/status/425465832903565312
2014-01-20 23:31:44,SHINee_Irie,,1,10,6,"Cutie Onew House Dance. LMFAO. /PAKYU ONEW/ pic.twitter.com/Xh78dO4o2z",,,,425410342504509441,https://twitter.com/SHINee_Irie/status/425410342504509441
2014-01-20 17:13:49,sydneybrown_xo,,0,0,0,"Who needs a bar #gymnastics @The House Of Dancing Water 水舞間 http://instagram.com/p/jZg14wqaLT/",,@The,#gymnastics,425315237366337536,https://twitter.com/sydneybrown_xo/status/425315237366337536
2014-01-20 12:12:22,mirkuz77,,0,0,0,"I'm at McSorley's Ale House (Central) http://4sq.com/KqAErG",,,,425239378060144640,https://twitter.com/mirkuz77/status/425239378060144640
2014-01-20 08:55:55,tattoobakery,,0,0,0,"I'm at The House Of Dancing Water 水舞間 (Macau) http://4sq.com/19GT2bf",,,,425189938133749760,https://twitter.com/tattoobakery/status/425189938133749760
2014-01-20 08:44:52,sid_moko_diaura,,0,0,0,"I miss HARAJUKU B HOUSE and my housemate（；＿；）",,,,425187156114411520,https://twitter.com/sid_moko_diaura/status/425187156114411520
2014-01-20 07:58:25,SHINee_Irie,,1,7,5,"~you stepped out of your house even it is snowing just for the sake of this...KIM KIBUM you really are one of a kind~ pic.twitter.com/OYttSsBziE",,,,425175468807966720,https://twitter.com/SHINee_Irie/status/425175468807966720
2014-01-20 05:41:52,eduardomapajr,,0,0,0,"Working with a view of the Havas Hongkong office. (@Warwick House 和域大廈) [pic]: http://4sq.com/LsUjY4",,@Warwick,,425141103286030336,https://twitter.com/eduardomapajr/status/425141103286030336
2014-01-19 23:13:38,LexiSeroussi,,0,1,0,"I'm meant to leave the house in ten minute but I'm still in bed",,,,425043399847067648,https://twitter.com/LexiSeroussi/status/425043399847067648
2014-01-19 16:51:15,vjmelvs,,0,0,0,"Just got back from Macau with our Goodies from Pastelaria Koi Kei (@Yiu Fai Guest House 耀暉賓館) [pic]: http://4sq.com/19F6I6v",,@Yiu,,424947170023067648,https://twitter.com/vjmelvs/status/424947170023067648
2014-01-19 09:54:38,albertwksong,,0,0,0,"Luxury 끝판왕. (@The Upper House 奕居 w/ 2 others) [pic]: http://4sq.com/LAlrFg",,@The,,424842327916822528,https://twitter.com/albertwksong/status/424842327916822528
2014-01-19 06:52:07,basil_lion,,1,0,1,"Tea house http://twitpic.com/dspj9g",,,,424796394348498944,https://twitter.com/basil_lion/status/424796394348498944
2014-01-19 01:54:15,carlaluvaldez,,0,0,0,"View from our guest house window! Let's start! @Butterfly on Victoria http://instagram.com/p/jVSz9ihn7M/",,@Butterfly,,424721435954016256,https://twitter.com/carlaluvaldez/status/424721435954016256
2014-01-19 00:24:29,imnmoz,,0,0,0,"Day3 (@HK Tai San Guest House | Harilela) http://4sq.com/LmPTlA",,@HK,,424698843767508992,https://twitter.com/imnmoz/status/424698843767508992
2014-01-18 21:03:22,LTicas,,0,0,0,"I'm at Pure Veggie House 心齋 (Mid-levels) http://4sq.com/1f0Pezq",,,,424648230153256960,https://twitter.com/LTicas/status/424648230153256960
2014-01-18 18:28:21,Michyelise,,0,0,0,"Enjoying a couple of drinks with friends in SoHo @McSorley's Ale House http://instagram.com/p/jUfyCtD55c/",,@McSorley,,424609218701037568,https://twitter.com/Michyelise/status/424609218701037568
2014-01-18 12:44:28,ingrid_booknerd,,0,0,0,"I'm at The House Of Dancing Water 水舞間 (Macau) http://4sq.com/1eZJxBY",,,,424522678637445120,https://twitter.com/ingrid_booknerd/status/424522678637445120
2014-01-18 09:29:34,susanderanii,,0,0,0,"I'm at Shin King House http://4sq.com/1eZgAWP",,,,424473628835868672,https://twitter.com/susanderanii/status/424473628835868672
2014-01-18 09:25:30,Mikeyc75,,0,1,0,"Preparing for Chinese New Year I think. #hk #hongkong #cny @Blue House 藍屋 http://instagram.com/p/jThqJPC9Hy/",,@Blue,#hk #hongkong #cny,424472608542060544,https://twitter.com/Mikeyc75/status/424472608542060544
2014-01-18 08:47:59,4fox_ache,,0,0,0,"Enjoying the view while working. @Chater House 遮打大廈 http://instagram.com/p/jTdXVXsVUG/",,@Chater,,424463165272113152,https://twitter.com/4fox_ache/status/424463165272113152
2014-01-18 07:16:13,sunnyli,,0,0,0,"I'm at Scissor House http://4sq.com/1eYYjsF",,,,424440070654148608,https://twitter.com/sunnyli/status/424440070654148608
2014-01-18 06:43:23,lifeenjoyer,,0,0,0,"Finally got out the house after a super busy morning working! @The Hermitage 帝峰皇殿 http://instagram.com/p/jTPGweph2C/",,@The,,424431809523617792,https://twitter.com/lifeenjoyer/status/424431809523617792
2014-01-18 05:58:15,lifeenjoyer,,0,0,0,"finally getting out of the house after a long morning of working! (@The Hermitage 帝峰皇殿) [pic]: http://4sq.com/1dgEREG",,@The,,424420449377079296,https://twitter.com/lifeenjoyer/status/424420449377079296
2014-01-18 01:45:15,eshbautista,,0,0,0,"Barcelona in the house! #2014 #hk @Lan Kwai Fong 蘭桂坊 http://instagram.com/p/jSs_IoGMl5/",,@Lan,#2014 #hk,424356781146796032,https://twitter.com/eshbautista/status/424356781146796032
2014-01-17 08:07:59,eddiesky,,0,0,0,"Late lunch #fish n #chips so late but so good! @McSorley's Ale House http://instagram.com/p/jQz_eYBBrm/",,@McSorley,#fish #chips,424090710745571328,https://twitter.com/eddiesky/status/424090710745571328
2014-01-17 08:01:57,CWilsonFCO,george_chen,0,0,0,"MT"" @george_chen if you can help make Lantau Hong Kong's Canary Wharf to house bank back-offices etc.” and what about East Kowloon as CBD 2?",,@george_chen,,424089194487508992,https://twitter.com/CWilsonFCO/status/424089194487508992
2014-01-17 06:27:38,PurpleBoss81,,0,0,1,"Lol...Nolan's House Rules~ hehe ^^ @revengers @Revenge #NolanRoss #HouseRules pic.twitter.com/CMGxOK2RlW”""",,@revengers @Revenge,#NolanRoss #HouseRules,424065457478320128,https://twitter.com/PurpleBoss81/status/424065457478320128
2014-01-16 15:44:17,petegrella,,0,0,0,"Figured out the crowd... and the beer... (@McSorley's Ale House) http://4sq.com/1cuH677",,@McSorley,,423843154396073984,https://twitter.com/petegrella/status/423843154396073984
2014-01-16 15:19:46,madtab,,0,0,0,"Definitely my favorite place in HK - an old Chinese pawn shop / tenement house turned into a 3 level… http://instagram.com/p/jPAnCyvehk/",,,,423836983732240385,https://twitter.com/madtab/status/423836983732240385
2014-01-16 10:45:02,xxorsayxx,,0,0,0,"This tea house again but with a companion (Although the matcha fondant is a bit expensive...… http://instagram.com/p/jOhK8RHNVR/",,,,423767848226684928,https://twitter.com/xxorsayxx/status/423767848226684928
2014-01-16 10:04:15,captainarvin,,0,0,0,"Just posted a photo @Paddington House Of Pancakes http://instagram.com/p/jOcgQpyk1j/",,@Paddington,,423757584857051136,https://twitter.com/captainarvin/status/423757584857051136
2014-01-16 06:43:13,LTicas,,0,0,0,"I'm at Mandarin's House http://4sq.com/1csk2pz",,,,423706991882928128,https://twitter.com/LTicas/status/423706991882928128
2014-01-16 05:47:06,jaironecadocio,,0,0,0,"Ang lalake namin.. It's us, not the place!.. Haha!!.. (at Cosmic Guest House 宇宙賓館) — https://path.com/p/46TsG8",,,,423692869077987329,https://twitter.com/jaironecadocio/status/423692869077987329
2014-01-16 05:17:14,licasper,,0,0,0,"I'm at Lin Heung Tea House 蓮香樓 (Central) w/ 2 others [pic]: http://4sq.com/1d8ILza",,,,423685350960402432,https://twitter.com/licasper/status/423685350960402432
2014-01-15 07:31:32,R_JiyongieJ,,0,0,0,"[Trans 1/2 @bornfreeonekiss] @1215thexiahtic I moved houses a long time, why are you asking about housewarming (laugh) Ah.. I live alone ..""",,@bornfreeonekiss @1215thexiahtic,,423356761299374080,https://twitter.com/R_JiyongieJ/status/423356761299374080
2014-01-15 07:26:06,R_JiyongieJ,,0,0,0,"[Trans @1215thexiahtic]: @bornfreeonekiss Your house is beautifulㅋ I need to go to hyung's house! Did you have a housewarming? ㅋ""",,@1215thexiahtic @bornfreeonekiss,,423355397127155712,https://twitter.com/R_JiyongieJ/status/423355397127155712
2014-01-15 07:17:45,pauwylicious,,0,0,0,"Missing the bestfriends @patriciaoxox @BennyDelupo @maxxibee assemble tomorrow when i arrive at my house? Pizza? My treat!",,@patriciaoxox @BennyDelupo @maxxibee,,423353292815478784,https://twitter.com/pauwylicious/status/423353292815478784
2014-01-15 04:14:25,ingrid_booknerd,,0,0,0,"I'm at Imperial House Dimsum http://4sq.com/1aEd3hb",,,,423307158688907264,https://twitter.com/ingrid_booknerd/status/423307158688907264
2014-01-15 04:14:12,ingrid_booknerd,,0,0,0,"I'm at Imperial House Dim Sum (Co-Tai, Macau) http://4sq.com/1clTkio",,,,423307102103543809,https://twitter.com/ingrid_booknerd/status/423307102103543809
2014-01-15 03:16:54,cedricsam,,1,0,3,"Policy address: suddenly more exciting with a house music background. pic.twitter.com/lEC1K5ewfG",,,,423292681494593536,https://twitter.com/cedricsam/status/423292681494593536
2014-01-14 15:46:55,hdynir,,0,0,0,"Istirahat (@Tai An Guest House) http://4sq.com/1gF9uYq",,@Tai,,423119042401300480,https://twitter.com/hdynir/status/423119042401300480
2014-01-14 15:34:35,Eldista07,,0,0,0,"Good night & sleep tight...... (with Lucky at Bridal Tea House Hotel 紅茶館酒店 - Wuhu St.) — https://path.com/p/3uyj9n",,,,423115939937153024,https://twitter.com/Eldista07/status/423115939937153024
2014-01-14 07:09:30,jezzarainbird,,0,0,0,"Goodbye Upper House. Truly an amazing hotel experience/Incredible! One thing though... Swimming pool please! http://4sq.com/JXbRLr",,,,422988829755461632,https://twitter.com/jezzarainbird/status/422988829755461632
2014-01-14 07:02:52,LexiSeroussi,sarahjdavidsonn,1,0,0,"@sarahjdavidsonn ya all the good stuff is at your house all the healthy stuff is at mine, can I move houses please?",,@sarahjdavidsonn,,422987160518549504,https://twitter.com/LexiSeroussi/status/422987160518549504
2014-01-14 02:55:33,OliviasChoice,,0,0,0,"I'm in the toss everything mood. Let's tidy up this house!!!",,,,422924922172620801,https://twitter.com/OliviasChoice/status/422924922172620801
2014-01-14 02:23:33,thisway2beauty,,0,0,0,"The horse arrived on time for welcoming the Year of Horse. @Chater House 遮打大廈 http://instagram.com/p/jIeMGxqJIh/",,@Chater,,422916866773090304,https://twitter.com/thisway2beauty/status/422916866773090304
2014-01-14 00:50:58,Eldista07,,0,0,0,"Breakfast time (with Lucky at Bridal Tea House Hotel 紅茶館酒店 - Wuhu St.) — https://path.com/p/brjSx",,,,422893567950852097,https://twitter.com/Eldista07/status/422893567950852097
2014-01-14 00:33:29,kago25,,0,0,0,"Dingin (at Australian Guest House) — https://path.com/p/1cYveI",,,,422889170042765312,https://twitter.com/kago25/status/422889170042765312
2014-01-13 23:44:17,superdip,,1,0,0,"Hmm ... Left the house half hour later to try not make it in to work an hour early and the traffic is nuts. Interesting ...",,,,422876788621324288,https://twitter.com/superdip/status/422876788621324288
2014-01-13 14:33:39,Tiagosworld18,,1,0,2,"#hongkong by night @The Upper House 奕居 http://instagram.com/p/jHM8wGwvE_/",,@The,#hongkong,422738217402896384,https://twitter.com/Tiagosworld18/status/422738217402896384
2014-01-13 13:01:24,Cristine1202,,0,0,0,"Miss u so much! Will you come to WY's house! I hope to see u visit with Victoria kekeke!n@Khunnie0624 pic.twitter.com/0jEFYqjDV0",,@Khunnie0624,,422715000172453888,https://twitter.com/Cristine1202/status/422715000172453888
2014-01-13 05:26:25,foodhorny,,0,0,0,"New Vietnamese resto near my house so I give it a try. Didn't like it too much the soup a bit too… http://instagram.com/p/jGOUrLm3YG/",,,,422600501126266881,https://twitter.com/foodhorny/status/422600501126266881
2014-01-12 14:33:31,DzinaHK,,0,0,0,"Just posted a photo @Hullett House http://instagram.com/p/jEoI0CCuQt/",,@Hullett,,422375793843789824,https://twitter.com/DzinaHK/status/422375793843789824
2014-01-12 14:06:52,rao_jaihind,,0,0,0,"@narendramodi no one can doubt on our credibility, even after serving dis country 4 so many yrs Atal ji does not have his own house",,@narendramodi,,422369087704948736,https://twitter.com/rao_jaihind/status/422369087704948736
2014-01-12 11:32:14,adamawhite,,0,0,1,"Paper house, Sai Ying Pun @First Street 第一街 http://instagram.com/p/jETZJYNFcM/",,@First,,422330174559252481,https://twitter.com/adamawhite/status/422330174559252481
2014-01-12 10:19:00,_goKHam,,0,0,0,"A quiet Sunday sunset from the balcony of my dorm room. @International House 國際生舍堂 http://instagram.com/p/jELAr7gWyb/",,@International,,422311742161813504,https://twitter.com/_goKHam/status/422311742161813504
2014-01-11 16:01:20,teresapoon930,,0,0,0,"Happy House warming~~~ #bbq @V City http://instagram.com/p/jCNZHjO40x/",,@V,#bbq,422035504998387712,https://twitter.com/teresapoon930/status/422035504998387712
2014-01-11 13:53:38,samantha_ingrid,,0,0,0,"Wakakakaka bought a Brown cushion today <3 @Yin Kwong House http://instagram.com/p/jB-x1uF373/",,@Yin,,422003368773820416,https://twitter.com/samantha_ingrid/status/422003368773820416
2014-01-11 13:41:12,EdEdnEdgy,,0,0,0,"the waitin time to buy a house here ia 6 months aure i could wait that out... #paris #vintage @Le Marais http://instagram.com/p/jB9WypQJnH/",,@Le,#paris #vintage,422000240599003136,https://twitter.com/EdEdnEdgy/status/422000240599003136
2014-01-11 12:13:04,R_JiyongieJ,_anglklnga,1,0,0,"@gelibooooo no,,,my house far from Bali,,, @1215thexiahtic",,@gelibooooo @1215thexiahtic,,421978060112400384,https://twitter.com/R_JiyongieJ/status/421978060112400384
2014-01-11 11:08:40,highnessofpop,,0,0,0,"My music would be 'my own kind of genre' but would be a mix of S. Korean music, with 70s-80s sound, trip hop, synthpop, club & house music.",,,,421961856090001408,https://twitter.com/highnessofpop/status/421961856090001408
2014-01-11 03:34:55,R_JiyongieJ,,0,0,0,"[VIDEO] 140111 Y-STAR News: Star's Jeju Island House - Kim Junsu #8 http://wp.me/p1gQsC-C34 via @jyj3official",,@jyj3official,#8,421847664045486080,https://twitter.com/R_JiyongieJ/status/421847664045486080
2014-01-10 15:51:21,elliot_girl,,0,0,0,"Goodnight Hong Kong! Day 2 was fruitful and fulfilling! Free day tomorrow… (at B P International House 龍堡國際賓館) — https://path.com/p/25At5X",,,,421670608250740736,https://twitter.com/elliot_girl/status/421670608250740736
2014-01-10 13:58:55,elliot_girl,,0,0,0,"Now back here. Feet are raised. Too tired to even move. Lol (at B P International House 龍堡國際賓館) — https://path.com/p/46lcUg",,,,421642311307505664,https://twitter.com/elliot_girl/status/421642311307505664
2014-01-10 13:19:06,susanderanii,,0,0,0,"I'm at Shin King House http://4sq.com/1aN1BfB",,,,421632289559552000,https://twitter.com/susanderanii/status/421632289559552000
2014-01-10 12:35:31,chezker,,0,0,0,"Blurred #groupselfie at the Spaghetti House! @The Spaghetti House 意粉屋 http://instagram.com/p/i_RC2BAWdn/",,@The,#groupselfie,421621323480449024,https://twitter.com/chezker/status/421621323480449024
2014-01-10 12:18:18,HayleySix66,,0,0,0,"To be honest, I don't wanna leave my bro's house.. :((",,,,421616992529821696,https://twitter.com/HayleySix66/status/421616992529821696
2014-01-10 10:13:36,AllieWist,,0,0,1,"Best Cocktail I've had in #hongkong -Vodka, house made blueberry thyme jam, + prosecco. @fishandmeathk… http://instagram.com/p/i_AzdLEB6w/",,@fishandmeathk,#hongkong,421585610089181184,https://twitter.com/AllieWist/status/421585610089181184
2014-01-09 21:24:53,elliot_girl,,0,0,0,"Good morning Hong Kong! City tour and Shenzhen today! (at B P International House 龍堡國際賓館) — https://path.com/p/3DeYkK",,,,421392154343124992,https://twitter.com/elliot_girl/status/421392154343124992
2014-01-09 15:42:25,sydneybrown_xo,,0,0,0,"Couple different press to handstands in between shows tonight @The House Of Dancing Water 水舞間 http://instagram.com/p/i9Bo2tqaLM/",,@The,,421305969768136704,https://twitter.com/sydneybrown_xo/status/421305969768136704
2014-01-09 15:13:02,petegrella,,0,0,0,"I'm at McSorley's Ale House (Central) http://4sq.com/1bUVpl9",,,,421298577487724545,https://twitter.com/petegrella/status/421298577487724545
2014-01-09 13:48:49,elliot_girl,,0,0,0,"Staying here! Goodnight Hong Kong! It's been a great first day! Off to… (at B P International House 龍堡國際賓館) — https://path.com/p/3S7w04",,,,421277381299412993,https://twitter.com/elliot_girl/status/421277381299412993
2014-01-09 13:28:15,lacmmegan,,0,0,0,"You dont even do sh!t in this house, atleast make urself useful",,,,421272204504883201,https://twitter.com/lacmmegan/status/421272204504883201
2014-01-09 12:15:16,thirstygiraffe,,0,0,0,"Drinking a Newcastle Brown Ale by @HEINEKEN_UKCorp @The Dog House — http://untp.it/1ikvcSI",,@HEINEKEN_UKCorp @The,,421253840533721088,https://twitter.com/thirstygiraffe/status/421253840533721088
2014-01-09 09:16:16,mirandayen88,,0,0,0,"Meeting people of Beckman Coulter here for an uptraining. (@Oxford House 濠豐大廈) http://4sq.com/1e34fC5",,@Oxford,,421208793801035776,https://twitter.com/mirandayen88/status/421208793801035776
2014-01-09 02:46:49,voyagerzulu,,0,0,1,"Who in hell left the house phone in my room. My 15 hour streak of sleep just died",,,,421110785683632129,https://twitter.com/voyagerzulu/status/421110785683632129
2014-01-08 17:19:58,rao_jaihind,,0,0,0,"@gskiran78 @sagarbirkar @AamAadmiParty I have seen his sabha with Muslims abt batla house encounter..dt is also vote bank politics",,@gskiran78 @sagarbirkar @AamAadmiParty,,420968132186890240,https://twitter.com/rao_jaihind/status/420968132186890240
2014-01-08 13:58:19,Zoe_Cohen,,0,0,0,"No filter - great steaks, wine, sides and coffee at the most ridiculous steak house, Wooloomooloo,… http://instagram.com/p/i6Q7fxkeGo/",,,,420917383055024128,https://twitter.com/Zoe_Cohen/status/420917383055024128
2014-01-08 12:22:51,jonathanykleung,,0,0,0,"At my grandpa's house! @Caribbean Coast 映灣園 http://instagram.com/p/i6GASsMsLw/",,@Caribbean,,420893358454996992,https://twitter.com/jonathanykleung/status/420893358454996992
2014-01-08 08:27:00,wellyinSG,,0,0,0,"With the #parents at Murray House in Stanley #hk #vacation #familytime @Murray House 美利樓 http://instagram.com/p/i5rA6frAW9/",,@Murray,#parents #hk #vacation #familytime,420834007149195264,https://twitter.com/wellyinSG/status/420834007149195264
2014-01-08 08:06:35,raiAasma,,0,0,0,"""@payal56925620: #ThanksNaBoleTumSSN1 best show best cast best music best story best Production House 7"" true :)",,@payal56925620,#ThanksNaBoleTumSSN1,420828869797498880,https://twitter.com/raiAasma/status/420828869797498880
2014-01-08 04:14:19,raiAasma,,0,1,1,"Best farm house scene #ThanksNaBoleTumSSN1pic.twitter.com/gTmmll3ufz",,,#ThanksNaBoleTumSSN1pic,420770414558605313,https://twitter.com/raiAasma/status/420770414558605313
2014-01-08 03:10:23,raiAasma,,0,0,0,"Love love the farm house scene #ThanksNaBoleTumSSN1",,,#ThanksNaBoleTumSSN1,420754325816635392,https://twitter.com/raiAasma/status/420754325816635392
2014-01-07 14:12:54,vivianlwy91,,0,0,0,"Dinner Time @My sweet house http://instagram.com/p/i3tzZ7oPNz/",,@My,,420558665108979712,https://twitter.com/vivianlwy91/status/420558665108979712
2014-01-07 11:52:00,hoyeonggj,,0,0,0,"Shaw house by him! Respect!! 102 years old. "" @ChannelNewsAsia: Run Run Shaw: The star-maker bows out http://cna.asia/1bNbdX7 """,,@ChannelNewsAsia,,420523208198987776,https://twitter.com/hoyeonggj/status/420523208198987776
2014-01-07 10:22:07,Amytuff,,0,0,0,"Kaya pala kaya pala.... Arghhh! I need to get,out of this house nowwww...",,,,420500586635603969,https://twitter.com/Amytuff/status/420500586635603969
2014-01-07 10:18:16,havnic27,,0,0,0,"I'm at Etude House http://4sq.com/KuHQ5D",,,,420499620582920192,https://twitter.com/havnic27/status/420499620582920192
2014-01-07 09:24:52,TianaLudhani,chrisalvaradom,0,0,0,"@calvarado89 I shall aim for house of cards! What have you been up to #whereintheworldareyou",,@calvarado89,#whereintheworldareyou,420486179947950080,https://twitter.com/TianaLudhani/status/420486179947950080
2014-01-07 04:49:01,desu821,,0,0,0,"Relax time @book house! pic.twitter.com/9wGXSKQnNj",,@book,,420416762610327553,https://twitter.com/desu821/status/420416762610327553
2014-01-07 03:05:58,wennysunardi,,0,0,0,"breakfast before heading back home this afternoon. gonna miss the winter break! (at Windsor House 皇室堡) — https://path.com/p/2asFr3",,,,420390827178082304,https://twitter.com/wennysunardi/status/420390827178082304
2014-01-07 03:02:08,mirandayen88,,0,0,0,"My mom is visiting Hong Kong and I am visiting her! The rooms are so spacious at Upper House! [pic]: http://4sq.com/K09yXz",,,,420389863071170560,https://twitter.com/mirandayen88/status/420389863071170560
2014-01-06 22:34:57,RonaldoStrydom,,0,0,0,"#Home#Sweet#Home#Caribbean#Coast#hkig#hk#Tag#For#likes#my#house#love#this#place#residential#clubhouse#a… http://instagram.com/p/i2CdsOyNYy/",,,#Home #Sweet #Home #Caribbean #Coast #hkig #hk #Tag #For #likes #my #house #love #this #place #residential #clubhouse #a,420322623730774016,https://twitter.com/RonaldoStrydom/status/420322623730774016
2014-01-06 19:11:13,vivianlwy91,,0,0,0,"Bye 1st Monday on 2014... Good night Everyone. ..sweet dream. @My sweet house http://instagram.com/p/i1rJgMIPBs/",,@My,,420271351749148672,https://twitter.com/vivianlwy91/status/420271351749148672
2014-01-06 11:39:21,AnthonyDESPRAS,,0,0,1,"The House dancing of water.... Amazing...",,,,420157639201259521,https://twitter.com/AnthonyDESPRAS/status/420157639201259521
2014-01-06 10:32:37,captainarvin,,0,0,0,"Eat your way around the world. @Paddington House Of Pancakes http://instagram.com/p/i0vzMrSk1M/",,@Paddington,,420140842935152640,https://twitter.com/captainarvin/status/420140842935152640
2014-01-06 05:54:57,ThangNgo,,1,0,0,"At @upperhouse_hkg my room has a stunning #hongkong harbour view #cathaydisc @The Upper House 奕居 http://instagram.com/p/i0QBi5iecT/",,@upperhouse_hkg @The,#hongkong #cathaydisc,420070967918874625,https://twitter.com/ThangNgo/status/420070967918874625
2014-01-06 04:14:59,MayoAda,,0,0,0,"At The House Of Dancing Water, Macao [vid] — https://path.com/p/3QJ17M",,,,420045808818343936,https://twitter.com/MayoAda/status/420045808818343936
2014-01-06 04:10:29,bulegaul,,0,0,0,"It got better and better - almost 2 hours. Stunning! (with Mayo at The House Of Dancing Water, Macao) [vid] — https://path.com/p/3LfxdS",,,,420044676435955712,https://twitter.com/bulegaul/status/420044676435955712
2014-01-06 03:52:55,MayoAda,,0,0,0,"Must see show before you die (with Peter at The House Of Dancing Water, Macao) [vid] — https://path.com/p/4j5pJL",,,,420040255933145089,https://twitter.com/MayoAda/status/420040255933145089
2014-01-06 03:33:43,bulegaul,,0,0,0,"Simply sensational!! (with Mayo at The House Of Dancing Water, Macao) [vid] — https://path.com/p/3N3vBI",,,,420035424036212736,https://twitter.com/bulegaul/status/420035424036212736
2014-01-06 03:22:52,bulegaul,,0,0,0,"With Mayo at The House Of Dancing Water, Macao [pic] — https://path.com/p/2lXPaE",,,,420032692852228097,https://twitter.com/bulegaul/status/420032692852228097
2014-01-05 23:43:13,chrisgaarder,ratedRforRyan,0,0,0,"@Dr_Fuxtable yeah it's right next to our new house so Pat and I would walk there sometimes since the weather was so nice around Xmas",,@Dr_Fuxtable,,419977415603933184,https://twitter.com/chrisgaarder/status/419977415603933184
2014-01-05 15:05:35,vivianlwy91,,0,0,0,"Late supper... @My sweet house http://instagram.com/p/iyqPjvIPL-/",,@My,,419847148851978240,https://twitter.com/vivianlwy91/status/419847148851978240
2014-01-05 10:07:40,adipolo,,1,0,0,"Good evening in HK (at Hullett House) [pic] — https://path.com/p/3vULh1",,,,419772176607109120,https://twitter.com/adipolo/status/419772176607109120
2014-01-05 09:52:03,gunzandmoses,,0,0,0,"A giant Chinese girl standing in front of the Sydney opera house #windowoftheworld #shenzhen #china @… http://instagram.com/p/iyGXJxhnPl/",,@,#windowoftheworld #shenzhen #china,419768244837572608,https://twitter.com/gunzandmoses/status/419768244837572608
2014-01-05 09:41:21,adipolo,,0,0,0,"out now! #JPlus * teteup promosi hehehe (with Yudi, Maritta, and 7 others at Hullett House) [pic] — https://path.com/p/iYxcl",,,#JPlus,419765552572145664,https://twitter.com/adipolo/status/419765552572145664
2014-01-05 09:26:13,samantha_ingrid,,1,0,0,"Finally I can use this lanolin shower gel bought at Texel. @Yin Kwong House http://instagram.com/p/iyDZ8El3xe/",,@Yin,,419761743175626752,https://twitter.com/samantha_ingrid/status/419761743175626752
2014-01-05 09:05:32,boring_stick,,0,0,0,"Chicken ramen with white miso and chicken soup... (@Daruma Ramen House 達磨日本拉麵) [pic]: http://4sq.com/1e9qXq4",,@Daruma,,419756540384772096,https://twitter.com/boring_stick/status/419756540384772096
2014-01-05 09:04:06,zapateado296,,0,0,0,"Been doing house work all day. Is now time to nap! Good night world!",,,,419756181284876288,https://twitter.com/zapateado296/status/419756181284876288
2014-01-05 09:03:36,adipolo,,0,0,0,"Loving the moment with great friends in Hullett House… (w/ Yudi, Maritta, & 6 others at 1881 Heritage) [pic] — https://path.com/p/2HZ3OE",,,,419756055153750016,https://twitter.com/adipolo/status/419756055153750016
2014-01-05 08:34:42,MayoAda,,0,0,0,"At The House Of Dancing Water, Macao — https://path.com/p/6ZHeG",,,,419748781542760448,https://twitter.com/MayoAda/status/419748781542760448
2014-01-05 06:07:09,mumphLT,,0,0,0,"If you bust your phone I strongly recommend this shop: @Sincere House 先施大廈 http://instagram.com/p/ixsoBQORYO/",,@Sincere,,419711649810247680,https://twitter.com/mumphLT/status/419711649810247680
2014-01-05 01:36:40,oishikawa,,0,0,0,"I'm at Lin Heung Tea House 蓮香樓 (Central) w/ 2 others [pic]: http://4sq.com/1f4jjCD",,,,419643579804684288,https://twitter.com/oishikawa/status/419643579804684288
2014-01-04 18:18:06,SuzyParkerB,,0,0,0,"Friends by interest. @benny's house http://instagram.com/p/iwbeyNIcdY/",,@benny,,419533211065401344,https://twitter.com/SuzyParkerB/status/419533211065401344
2014-01-04 14:56:49,cuwong,,0,0,0,"新品推出！NEW YORK BURGER！ @Paddington House Of Pancakes http://instagram.com/p/iwEci3Qo0M/",,@Paddington,,419482557261307904,https://twitter.com/cuwong/status/419482557261307904
2014-01-04 13:56:58,elisabethvg1999,,2,0,0,"@fuchsiacheer has great grades, @CharCharRushton has cool parents & @natteehh has food in her house. What do I hav? A sore throat.",,@fuchsiacheer @CharCharRushton @natteehh,,419467492096868353,https://twitter.com/elisabethvg1999/status/419467492096868353
2014-01-04 13:48:11,erwinxstrydom,,0,0,1,"#gym @Caribbean Coast Club House http://instagram.com/p/iv8lyuBzt6/",,@Caribbean,#gym,419465282227535872,https://twitter.com/erwinxstrydom/status/419465282227535872
2014-01-04 12:32:32,HungryEpicurean,,0,0,0,"Coffee (Flat White, House Blend) from Coco Espresso, Wanchai, Hong Kong. #cocoespresso #cocobarista… http://instagram.com/p/ivz7x7HFsC/",,,#cocoespresso #cocobarista,419446247146409984,https://twitter.com/HungryEpicurean/status/419446247146409984
2014-01-04 11:22:39,diglamb,,0,0,0,"Exactly @anchalvohra: Kejriwal & team should take the house & car, just not use red beacon. They must have basic incentives to stay honest",,@anchalvohra,,419428657661104128,https://twitter.com/diglamb/status/419428657661104128
2014-01-04 08:39:46,Janica07,,0,0,0,"Full House!",,,,419387668535840768,https://twitter.com/Janica07/status/419387668535840768
2014-01-04 07:09:20,samantha_ingrid,,0,0,0,"Wakakakaka~~~ my new toy: aroma diffuser and humidifier @Yin Kwong House http://instagram.com/p/ivO8gXF3y_/",,@Yin,,419364907461935104,https://twitter.com/samantha_ingrid/status/419364907461935104
2014-01-04 00:22:46,loveusgforever,,0,0,0,"“The largest room in the house is the room for improvement.”",,,,419262593249714176,https://twitter.com/loveusgforever/status/419262593249714176
2014-01-03 14:03:45,Miguel_Moroxo,Burberry,0,0,0,"Peruvian in the house! “ @Burberry: Mario Testino on the set of the @Burberry London S/S14 campaign http://instagram.com/p/itQruLRJIJ ”",,@Burberry @Burberry,,419106810880991232,https://twitter.com/Miguel_Moroxo/status/419106810880991232
2014-01-03 13:18:59,samantha_ingrid,,1,0,0,"The sun has gone To bed and so must I So long, farewell Auf Weidersehen, goodbye @Yin Kwong House http://instagram.com/p/itUdHYl31J/",,@Yin,,419095548185292801,https://twitter.com/samantha_ingrid/status/419095548185292801
2014-01-03 12:02:49,marckdwesthk,,0,0,0,"This is one of my favorite curry houses. Gonna get some with Mel then GYM (@Shirokuma Curry 白熊咖哩) [pic]: http://4sq.com/1gvyUIA",,@Shirokuma,,419076378366337024,https://twitter.com/marckdwesthk/status/419076378366337024
2014-01-03 06:29:53,dejabrew_hk,,0,0,0,"#dejabrew house blend at n.o.t. specialty coffee. Now thats a proper coffee. :P @n.o.t http://instagram.com/p/islox8oxN6/",,@n,#dejabrew,418992595331993600,https://twitter.com/dejabrew_hk/status/418992595331993600
2014-01-02 16:12:56,priya3v,,0,0,0,"The house of dancing water is seriously amazing #macaupic.twitter.com/nZWdq0elPX",,,#macaupic,418776936433717248,https://twitter.com/priya3v/status/418776936433717248
2014-01-02 09:59:30,thannna,,0,0,0,"Love love . Wid husband! (@Spaghetti House 意粉屋) http://4sq.com/1dVE7XB",,@Spaghetti,,418682957835280384,https://twitter.com/thannna/status/418682957835280384
2014-01-02 09:27:54,dotmuqit,,0,0,0,"I'm at Spaghetti House 意粉屋 (Mong Kok, Hong Kong) http://4sq.com/1dVAqRU",,,,418675004390506496,https://twitter.com/dotmuqit/status/418675004390506496
2014-01-02 08:25:37,susanderanii,,0,0,0,"I'm at Shin King House http://4sq.com/1d0ixoE",,,,418659329341157376,https://twitter.com/susanderanii/status/418659329341157376
2014-01-02 08:14:37,lsemalik,lsemalik,0,0,0,"#KhullaTazad: Pervez Musharraf reaches local hospital safe and sound 10 miles away from his house. Can't reach Court?",,,#KhullaTazad,418656562639433728,https://twitter.com/lsemalik/status/418656562639433728
2014-01-02 07:28:05,Kitosk,,0,0,0,"Comida local, LOL (@Spaghetti House 意粉屋) http://4sq.com/1hhAiBr",,@Spaghetti,,418644853137092608,https://twitter.com/Kitosk/status/418644853137092608
2014-01-02 07:16:30,MashaKaric,,0,0,0,"Me and my hubbie @The House of Dancing Water http://instagram.com/p/iqGLXZqjDI/",,@The,,418641939240853504,https://twitter.com/MashaKaric/status/418641939240853504
2014-01-02 05:58:21,nicoleeyeo,,0,0,0,"Friggin hungry (@Praise House Congee and Noodle Cuisine 譽居) http://4sq.com/1gp7tQK",,@Praise,,418622269871890432,https://twitter.com/nicoleeyeo/status/418622269871890432
2014-01-02 05:37:06,krislynnaudrey,,0,0,0,"I'm at The Spaghetti House 意粉屋 (Chek Lap Kok) http://4sq.com/1k9LgLt",,,,418616923182891008,https://twitter.com/krislynnaudrey/status/418616923182891008
2014-01-01 19:49:08,stevejacus,,0,0,0,""" @WOODTV: @DetroitRedWings facing off against Toronto Maple Leafs now at The Big House! Check it out on WOOD TV8 now!"" #HKstreamer@2a.m.",,@WOODTV @DetroitRedWings @2a,#HKstreamer,418468957121552385,https://twitter.com/stevejacus/status/418468957121552385
2014-01-01 14:13:18,ChrisRijanto,,1,0,0,"My uber-cool parents!! So great to spend NYE together with them! @The Upper House 奕居 http://instagram.com/p/ioRAR5Q8sD/",,@The,,418384439769849856,https://twitter.com/ChrisRijanto/status/418384439769849856
2014-01-01 13:32:42,theonlyniraj,,0,0,0,"The Zombie. (@The Upper House 奕居 w/ 2 others) [pic]: http://4sq.com/1dTzVaX",,@The,,418374224706031616,https://twitter.com/theonlyniraj/status/418374224706031616
2014-01-01 13:30:44,chulbuli_pandey,,0,0,0,"Family dinner on #NewYearsDay! #Happy2014 @Qi House of Sichuan http://instagram.com/p/ioMNXRD_ze/",,@Qi,#NewYearsDay #Happy2014,418373727815237632,https://twitter.com/chulbuli_pandey/status/418373727815237632
2014-01-01 12:26:42,wiekeratna,,0,0,0,"OpenRice Best Restaurant Awards 2013 (with Toto, Wisnu, and Wisnu at Lin Heung Tea House 蓮香樓) — https://path.com/p/1F6IPl",,,,418357612233510912,https://twitter.com/wiekeratna/status/418357612233510912
2014-01-01 11:16:10,eneimusic,,1,0,1,"Hong Kong vibes #hongkong @Hong Kong Brew House http://instagram.com/p/in8z1oMvcG/",,@Hong,#hongkong,418339864875376640,https://twitter.com/eneimusic/status/418339864875376640
2014-01-01 08:26:41,erwinxstrydom,,0,0,0,"Page 1 of 365 - I'm on a seafood diet. #latelunch @Spaghetti House 意粉屋 http://instagram.com/p/inpaeyhzkB/",,@Spaghetti,#latelunch,418297213207707648,https://twitter.com/erwinxstrydom/status/418297213207707648
2014-01-01 08:11:04,thomaswanhoff,,0,0,0,"Hongkong people: What is the secret behind Jennys bakery in Chunkin house?",,,,418293279910682624,https://twitter.com/thomaswanhoff/status/418293279910682624
2014-01-01 07:26:53,22hand,,0,0,0,"Movie time! House 4 and house 6 (@UA Cityplaza) http://4sq.com/1dT5zW5",,@UA,,418282162656649216,https://twitter.com/22hand/status/418282162656649216
2014-01-01 02:08:39,gimm3hfood,,0,0,0,"Pulled out the door knob while I was trying to leave in a hurry... house was recently renovated #oops #fml #newyearjuststarted",,,#oops #fml #newyearjuststarted,418202077911732225,https://twitter.com/gimm3hfood/status/418202077911732225
