id,conversation_id,created_at,date,time,timezone,user_id,username,name,place,tweet,language,mentions,urls,photos,replies_count,retweets_count,likes_count,hashtags,cashtags,link,retweet,quote_url,video,thumbnail,near,geo,source,user_rt_id,user_rt,retweet_id,reply_to,retweet_date,translate,trans_src,trans_dest
1408810542098128900,1408810542098128900,2021-06-26 16:33:02 W. Central Africa Standard Time,2021-06-26,16:33:02,+0100,860497638524944384,callme_dtruth,‚õ± D_truth üí®,"{'type': 'Point', 'coordinates': [6.46369287, 3.42606601]}","Just posted a photo @ Osborne Estate, Ikoyi, Lagos, Nigeria https://t.co/wp1hIPH3c8",en,[],['https://www.instagram.com/p/CQlquBVjVLc/?utm_medium=twitter'],[],0,0,0,[],[],https://twitter.com/callme_dtruth/status/1408810542098128900,,,0,,,"6.465422,3.406448,1km",,,,,"{'user_id': None, 'username': None}",,,,
1408479223841443840,1408479223841443840,2021-06-25 18:36:29 W. Central Africa Standard Time,2021-06-25,18:36:29,+0100,284182670,hearttohearttv,Heart to Heart TV,"{'type': 'Point', 'coordinates': [6.45673, 3.4198]}",Just posted a photo @ Ibeju lekki :The New Lagos Be A Land Owner https://t.co/ojLdRvoKSM,en,[],['https://www.instagram.com/p/CQjUDgKnW-5/?utm_medium=twitter'],[],0,0,0,[],[],https://twitter.com/hearttohearttv/status/1408479223841443840,,,0,,,"6.465422,3.406448,1km",,,,,"{'user_id': None, 'username': None}",,,,
1407666834690686978,1407666834690686978,2021-06-23 12:48:21 W. Central Africa Standard Time,2021-06-23,12:48:21,+0100,249199431,kingzodo,Ogemdi Anazodo,"{'type': 'Point', 'coordinates': [6.45677223, 3.38464805]}",Just posted a photo @ Sango-tedo Ajah https://t.co/p4IXhffAZb,en,[],['https://www.instagram.com/p/CQdintKpKm8/?utm_medium=twitter'],[],0,0,0,[],[],https://twitter.com/kingzodo/status/1407666834690686978,,,0,,,"6.465422,3.406448,1km",,,,,"{'user_id': None, 'username': None}",,,,
1407641634637025285,1407641634637025285,2021-06-23 11:08:13 W. Central Africa Standard Time,2021-06-23,11:08:13,+0100,489425682,gidibanks_,banke!,"{'type': 'Point', 'coordinates': [6.45921, 3.38638]}",Just posted a photo @ Lasgidi https://t.co/QO96l06cWO,en,[],['https://www.instagram.com/p/CQdXKWprBVU/?utm_medium=twitter'],[],0,0,0,[],[],https://twitter.com/gidibanks_/status/1407641634637025285,,,0,,,"6.465422,3.406448,1km",,,,,"{'user_id': None, 'username': None}",,,,
1407634534049488897,1407634534049488897,2021-06-23 10:40:00 W. Central Africa Standard Time,2021-06-23,10:40:00,+0100,489425682,gidibanks_,banke!,"{'type': 'Point', 'coordinates': [6.45921, 3.38638]}",Just posted a photo @ Lasgidi https://t.co/k8aV9W1EDG,en,[],['https://www.instagram.com/p/CQdT7hSLfMU/?utm_medium=twitter'],[],0,0,0,[],[],https://twitter.com/gidibanks_/status/1407634534049488897,,,0,,,"6.465422,3.406448,1km",,,,,"{'user_id': None, 'username': None}",,,,
1407608765155786755,1407608765155786755,2021-06-23 08:57:36 W. Central Africa Standard Time,2021-06-23,08:57:36,+0100,1335656153095806976,areo_homes,Areo Homes,"{'type': 'Point', 'coordinates': [6.45673, 3.4198]}",Just posted a photo @ Ibeju lekki :The New Lagos Be A Land Owner https://t.co/YB4AXAqRHs,en,[],['https://www.instagram.com/p/CQdINvynEsK/?utm_medium=twitter'],[],0,0,0,[],[],https://twitter.com/areo_homes/status/1407608765155786755,,,0,,,"6.465422,3.406448,1km",,,,,"{'user_id': None, 'username': None}",,,,
1407284741695578121,1407284741695578121,2021-06-22 11:30:03 W. Central Africa Standard Time,2021-06-22,11:30:03,+0100,1206191959276167168,pengxchange,pengxchange,"{'type': 'Point', 'coordinates': [6.45762255, 3.41503506]}",Just posted a photo @ Dolphin Estate https://t.co/fcD56jL8nn,en,[],['https://www.instagram.com/p/CQa03gHpLx8/?utm_medium=twitter'],[],0,0,0,[],[],https://twitter.com/pengxchange/status/1407284741695578121,,,0,,,"6.465422,3.406448,1km",,,,,"{'user_id': None, 'username': None}",,,,
1407284483582140416,1407284483582140416,2021-06-22 11:29:01 W. Central Africa Standard Time,2021-06-22,11:29:01,+0100,1206191959276167168,pengxchange,pengxchange,"{'type': 'Point', 'coordinates': [6.458898, 3.400214]}",Just posted a photo @ Port Harcourt Int'l Airport https://t.co/J3gFbrJMPS,en,[],['https://www.instagram.com/p/CQa0v3dJX8q/?utm_medium=twitter'],[],0,0,0,[],[],https://twitter.com/pengxchange/status/1407284483582140416,,,0,,,"6.465422,3.406448,1km",,,,,"{'user_id': None, 'username': None}",,,,
1407284334738952192,1407284334738952192,2021-06-22 11:28:26 W. Central Africa Standard Time,2021-06-22,11:28:26,+0100,1206191959276167168,pengxchange,pengxchange,"{'type': 'Point', 'coordinates': [6.45653318, 3.41531637]}",Just posted a photo @ Abuja Wuse Zone 4 https://t.co/T5TM37AKVV,en,[],['https://www.instagram.com/p/CQa0rnOJk_m/?utm_medium=twitter'],[],0,0,0,[],[],https://twitter.com/pengxchange/status/1407284334738952192,,,0,,,"6.465422,3.406448,1km",,,,,"{'user_id': None, 'username': None}",,,,
1407035649367150592,1407035649367150592,2021-06-21 19:00:14 W. Central Africa Standard Time,2021-06-21,19:00:14,+0100,1372917624,lexrae_,Alexa,"{'type': 'Point', 'coordinates': [6.45781447, 3.39422637]}",Just posted a photo @ Swamp https://t.co/vdH7T7uPp8,en,[],['https://www.instagram.com/p/CQZDl2KANPs/?utm_medium=twitter'],[],0,0,0,[],[],https://twitter.com/Lexrae_/status/1407035649367150592,,,0,,,"6.465422,3.406448,1km",,,,,"{'user_id': None, 'username': None}",,,,
1407022472696930309,1407022472696930309,2021-06-21 18:07:53 W. Central Africa Standard Time,2021-06-21,18:07:53,+0100,284182670,hearttohearttv,Heart to Heart TV,"{'type': 'Point', 'coordinates': [6.45673, 3.4198]}",Just posted a photo @ Ibeju lekki :The New Lagos Be A Land Owner https://t.co/vtwiNS5Hcu,en,[],['https://www.instagram.com/p/CQY9mY4Hva_/?utm_medium=twitter'],[],0,0,0,[],[],https://twitter.com/hearttohearttv/status/1407022472696930309,,,0,,,"6.465422,3.406448,1km",,,,,"{'user_id': None, 'username': None}",,,,
1407002999063465984,1407002999063465984,2021-06-21 16:50:30 W. Central Africa Standard Time,2021-06-21,16:50:30,+0100,274378995,g2iceo,gmhrealtyltd,"{'type': 'Point', 'coordinates': [6.458416, 3.411336]}",Just posted a photo @ Novare Lekki mall Sangotedo https://t.co/QrlZHeGCoI,en,[],['https://www.instagram.com/p/CQY0veeBDaz/?utm_medium=twitter'],[],0,0,0,[],[],https://twitter.com/g2iceo/status/1407002999063465984,,,0,,,"6.465422,3.406448,1km",,,,,"{'user_id': None, 'username': None}",,,,
1407001470080278536,1407001470080278536,2021-06-21 16:44:25 W. Central Africa Standard Time,2021-06-21,16:44:25,+0100,274378995,g2iceo,gmhrealtyltd,"{'type': 'Point', 'coordinates': [6.458416, 3.411336]}",Just posted a video @ Novare Lekki mall Sangotedo https://t.co/9JnsbJ8smb,en,[],['https://www.instagram.com/p/CQY0B_Fhdty/?utm_medium=twitter'],[],0,0,0,[],[],https://twitter.com/g2iceo/status/1407001470080278536,,,0,,,"6.465422,3.406448,1km",,,,,"{'user_id': None, 'username': None}",,,,
1406937341642510346,1406937341642510346,2021-06-21 12:29:36 W. Central Africa Standard Time,2021-06-21,12:29:36,+0100,722653520,osqmindz,Osq B.S,"{'type': 'Point', 'coordinates': [6.45714178, 3.38995038]}",Just posted a photo @ Canada Ontario https://t.co/JBPFtjuL8p,en,[],['https://www.instagram.com/p/CQYW5F6lavS/?utm_medium=twitter'],[],0,0,0,[],[],https://twitter.com/osqmindz/status/1406937341642510346,,,0,,,"6.465422,3.406448,1km",,,,,"{'user_id': None, 'username': None}",,,,
1406923144426835968,1406923144426835968,2021-06-21 11:33:11 W. Central Africa Standard Time,2021-06-21,11:33:11,+0100,1262371794159316997,shoponclickhq,Shop on Click,"{'type': 'Point', 'coordinates': [6.46123052, 3.39350788]}",Just posted a photo @ Ajah City Logistics https://t.co/XX7CO18INU,en,[],['https://www.instagram.com/p/CQYQbcspWRL/?utm_medium=twitter'],[],0,0,0,[],[],https://twitter.com/shoponclickhq/status/1406923144426835968,,,0,,,"6.465422,3.406448,1km",,,,,"{'user_id': None, 'username': None}",,,,
1406877902281531398,1406877902281531398,2021-06-21 08:33:25 W. Central Africa Standard Time,2021-06-21,08:33:25,+0100,710794023615782912,realtorridwan,Ridwan Eniola Bello,"{'type': 'Point', 'coordinates': [6.45673, 3.4198]}",Just posted a photo @ Ibeju lekki :The New Lagos Be A Land Owner https://t.co/5RXgsd3cb7,en,[],['https://www.instagram.com/p/CQX722-HDz_/?utm_medium=twitter'],[],0,0,0,[],[],https://twitter.com/realtorridwan/status/1406877902281531398,,,0,,,"6.465422,3.406448,1km",,,,,"{'user_id': None, 'username': None}",,,,
1406655354675634177,1406655354675634177,2021-06-20 17:49:05 W. Central Africa Standard Time,2021-06-20,17:49:05,+0100,29208324,awhpi,African Women's Health Project International-AWHPI,"{'type': 'Point', 'coordinates': [6.464518, 3.390005]}","Just posted a photo @ Oba palace, isale-eko https://t.co/Us4CPJPzmV",pl,[],['https://www.instagram.com/p/CQWWp1SngAj/?utm_medium=twitter'],[],0,0,0,[],[],https://twitter.com/awhpi/status/1406655354675634177,,,0,,,"6.465422,3.406448,1km",,,,,"{'user_id': None, 'username': None}",,,,
1406599790968856582,1406599790968856582,2021-06-20 14:08:18 W. Central Africa Standard Time,2021-06-20,14:08:18,+0100,29208324,awhpi,African Women's Health Project International-AWHPI,"{'type': 'Point', 'coordinates': [6.464518, 3.390005]}","Just posted a photo @ Oba palace, isale-eko https://t.co/XaaWcZy9Hw",pl,[],['https://www.instagram.com/p/CQV9Y3EH7Vy/?utm_medium=twitter'],[],0,0,0,[],[],https://twitter.com/awhpi/status/1406599790968856582,,,0,,,"6.465422,3.406448,1km",,,,,"{'user_id': None, 'username': None}",,,,
1406569648787755013,1406569648787755013,2021-06-20 12:08:31 W. Central Africa Standard Time,2021-06-20,12:08:31,+0100,284182670,hearttohearttv,Heart to Heart TV,"{'type': 'Point', 'coordinates': [6.45673, 3.4198]}",Just posted a photo @ Ibeju lekki :The New Lagos Be A Land Owner https://t.co/xfLb8dKbu5,en,[],['https://www.instagram.com/p/CQVvrmIHKCh/?utm_medium=twitter'],[],0,0,0,[],[],https://twitter.com/hearttohearttv/status/1406569648787755013,,,0,,,"6.465422,3.406448,1km",,,,,"{'user_id': None, 'username': None}",,,,
1406568345655287808,1406568345655287808,2021-06-20 12:03:21 W. Central Africa Standard Time,2021-06-20,12:03:21,+0100,762742294013480960,decurrentbeauty,DeCurrentBeautyLinks,"{'type': 'Point', 'coordinates': [6.45707173, 3.38484038]}",Just posted a photo @ Balogun Market Lagos Island https://t.co/QLg9aNwUeT,en,[],['https://www.instagram.com/p/CQVvFkkHDG8/?utm_medium=twitter'],[],0,0,0,[],[],https://twitter.com/DeCurrentBeauty/status/1406568345655287808,,,0,,,"6.465422,3.406448,1km",,,,,"{'user_id': None, 'username': None}",,,,
1406568135709364227,1406568135709364227,2021-06-20 12:02:30 W. Central Africa Standard Time,2021-06-20,12:02:30,+0100,284182670,hearttohearttv,Heart to Heart TV,"{'type': 'Point', 'coordinates': [6.45673, 3.4198]}",Just posted a photo @ Ibeju lekki :The New Lagos Be A Land Owner https://t.co/6Pw7iYm5VY,en,[],['https://www.instagram.com/p/CQVu_bMHYiS/?utm_medium=twitter'],[],0,0,0,[],[],https://twitter.com/hearttohearttv/status/1406568135709364227,,,0,,,"6.465422,3.406448,1km",,,,,"{'user_id': None, 'username': None}",,,,
1406323825051045892,1406323825051045892,2021-06-19 19:51:42 W. Central Africa Standard Time,2021-06-19,19:51:42,+0100,2240125279,filipzivkov,Filip Zivkov,"{'type': 'Point', 'coordinates': [6.45781447, 3.39422637]}",Just posted a photo @ Swamp https://t.co/GapICT3T32,en,[],['https://www.instagram.com/p/CQT_5FYhZhA/?utm_medium=twitter'],[],0,0,0,[],[],https://twitter.com/filipzivkov/status/1406323825051045892,,,0,,,"6.465422,3.406448,1km",,,,,"{'user_id': None, 'username': None}",,,,
1405933973876924420,1405933973876924420,2021-06-18 18:02:35 W. Central Africa Standard Time,2021-06-18,18:02:35,+0100,1015942503625908224,bookie_xx,Bookie #Pisces#,"{'type': 'Point', 'coordinates': [6.46369287, 3.42606601]}","WhatsApp famclients saw it firstüòãüíö
.
.
.
. @ Osborne Estate, Ikoyi, Lagos, Nigeria https://t.co/EiEfrNxFuK",en,[],['https://www.instagram.com/p/CQROm6Wrz_P/?utm_medium=twitter'],[],0,0,0,[],[],https://twitter.com/bookie_xx/status/1405933973876924420,,,0,,,"6.465422,3.406448,1km",,,,,"{'user_id': None, 'username': None}",,,,
1405932033004736515,1405932033004736515,2021-06-18 17:54:52 W. Central Africa Standard Time,2021-06-18,17:54:52,+0100,1015942503625908224,bookie_xx,Bookie #Pisces#,"{'type': 'Point', 'coordinates': [6.46369287, 3.42606601]}","Just because we love to give it to you fresh from the ovenüíöüíöüíö
.
.
.
.
#proudmua #lagosmua #lagosnigeria #mualagosisland #muainikoyi #melaninpoppin #beautiful #bellanaija #brownskingirls https://t.co/NkPJ9egouE",en,[],['https://www.instagram.com/p/CQRNuh9LmGu/?utm_medium=twitter'],[],0,0,0,"['proudmua', 'lagosmua', 'lagosnigeria', 'mualagosisland', 'muainikoyi', 'melaninpoppin', 'beautiful', 'bellanaija', 'brownskingirls']",[],https://twitter.com/bookie_xx/status/1405932033004736515,,,0,,,"6.465422,3.406448,1km",,,,,"{'user_id': None, 'username': None}",,,,
1405827649377873922,1405827649377873922,2021-06-18 11:00:05 W. Central Africa Standard Time,2021-06-18,11:00:05,+0100,3367211560,jay_ossy,O$$¬• JA¬•,,Cherish every moment https://t.co/7Vhx1hcWKq,en,[],[],['https://pbs.twimg.com/media/E4KAydbWUAATyDf.jpg'],0,0,0,[],[],https://twitter.com/jay_ossy/status/1405827649377873922,,,1,https://pbs.twimg.com/media/E4KAydbWUAATyDf.jpg,,"6.465422,3.406448,1km",,,,,"{'user_id': None, 'username': None}",,,,
1405798743769767936,1405798743769767936,2021-06-18 09:05:13 W. Central Africa Standard Time,2021-06-18,09:05:13,+0100,748898520606859264,macariscakes,Cakes in Lagos.,"{'type': 'Point', 'coordinates': [6.46369287, 3.42606601]}","Just posted a photo @ Osborne Estate, Ikoyi, Lagos, Nigeria https://t.co/tftHLMtB5N",en,[],['https://www.instagram.com/p/CQQRHO3nL_N/?utm_medium=twitter'],[],0,0,0,[],[],https://twitter.com/MacarisCakes/status/1405798743769767936,,,0,,,"6.465422,3.406448,1km",,,,,"{'user_id': None, 'username': None}",,,,
1405781957162659841,1405781957162659841,2021-06-18 07:58:31 W. Central Africa Standard Time,2021-06-18,07:58:31,+0100,1206191959276167168,pengxchange,pengxchange,"{'type': 'Point', 'coordinates': [6.45762255, 3.41503506]}",Just posted a photo @ Dolphin Estate https://t.co/bf2EpkOsl5,en,[],['https://www.instagram.com/p/CQQJemMpjGR/?utm_medium=twitter'],[],0,0,0,[],[],https://twitter.com/pengxchange/status/1405781957162659841,,,0,,,"6.465422,3.406448,1km",,,,,"{'user_id': None, 'username': None}",,,,
1405759789301309449,1405759789301309449,2021-06-18 06:30:26 W. Central Africa Standard Time,2021-06-18,06:30:26,+0100,259376918,iamyhemii,Yhemii USA üá∫üá∏,"{'type': 'Point', 'coordinates': [6.46189007, 3.38686851]}",Just posted a photo @ Idumota https://t.co/jWInqWD8Mm,en,[],['https://www.instagram.com/p/CQP_ZibpENz/?utm_medium=twitter'],[],0,0,1,[],[],https://twitter.com/iamyhemii/status/1405759789301309449,,,0,,,"6.465422,3.406448,1km",,,,,"{'user_id': None, 'username': None}",,,,
1405580270800080897,1405580270800080897,2021-06-17 18:37:05 W. Central Africa Standard Time,2021-06-17,18:37:05,+0100,57942514,otunbalanre,Olanrewaju,"{'type': 'Point', 'coordinates': [6.463029, 3.425391]}","Just posted a photo @ Dolphin Estate, Ikoyi, Lagos https://t.co/q1g2ldaF0b",en,[],['https://www.instagram.com/p/CQOtw6qndbW/?utm_medium=twitter'],[],0,0,0,[],[],https://twitter.com/otunbalanre/status/1405580270800080897,,,0,,,"6.465422,3.406448,1km",,,,,"{'user_id': None, 'username': None}",,,,
1405542273731809292,1405542273731809292,2021-06-17 16:06:06 W. Central Africa Standard Time,2021-06-17,16:06:06,+0100,284182670,hearttohearttv,Heart to Heart TV,"{'type': 'Point', 'coordinates': [6.45673, 3.4198]}",Just posted a photo @ Ibeju lekki :The New Lagos Be A Land Owner https://t.co/Ca8Mm1NWio,en,[],['https://www.instagram.com/p/CQOcfDjliHm/?utm_medium=twitter'],[],0,0,0,[],[],https://twitter.com/hearttohearttv/status/1405542273731809292,,,0,,,"6.465422,3.406448,1km",,,,,"{'user_id': None, 'username': None}",,,,
1405540886310645767,1405540886310645767,2021-06-17 16:00:35 W. Central Africa Standard Time,2021-06-17,16:00:35,+0100,284182670,hearttohearttv,Heart to Heart TV,"{'type': 'Point', 'coordinates': [6.45673, 3.4198]}",Just posted a photo @ Ibeju lekki :The New Lagos Be A Land Owner https://t.co/mBrDbJH5JF,en,[],['https://www.instagram.com/p/CQOb2crFhkp/?utm_medium=twitter'],[],0,0,0,[],[],https://twitter.com/hearttohearttv/status/1405540886310645767,,,0,,,"6.465422,3.406448,1km",,,,,"{'user_id': None, 'username': None}",,,,
1405510811099992071,1405510811099992071,2021-06-17 14:01:05 W. Central Africa Standard Time,2021-06-17,14:01:05,+0100,444552841,chixonnexus,Nnachi Ukachi,"{'type': 'Point', 'coordinates': [6.45851982, 3.40569546]}","Happiness updated....
Shot by @dizzymbata @ Osborne Foreshore Estate, Phase II https://t.co/m8j0aO2jTZ",en,['dizzymbata'],['https://www.instagram.com/p/CQONTjMnvvT/?utm_medium=twitter'],[],0,0,0,[],[],https://twitter.com/ChixonNexus/status/1405510811099992071,,,0,,,"6.465422,3.406448,1km",,,,,"{'user_id': None, 'username': None}",,,,
1405298979097677828,1405298979097677828,2021-06-16 23:59:20 W. Central Africa Standard Time,2021-06-16,23:59:20,+0100,29208324,awhpi,African Women's Health Project International-AWHPI,"{'type': 'Point', 'coordinates': [6.464518, 3.390005]}","Peace is not the absence of conflict; but the presence of God no matter what the conflict @ Oba palace, isale-eko https://t.co/WfnSa5nWtU",en,[],['https://www.instagram.com/p/CQMt2O7H12o/?utm_medium=twitter'],[],0,0,0,[],[],https://twitter.com/awhpi/status/1405298979097677828,,,0,,,"6.465422,3.406448,1km",,,,,"{'user_id': None, 'username': None}",,,,
1405266212410380288,1405266212410380288,2021-06-16 21:49:08 W. Central Africa Standard Time,2021-06-16,21:49:08,+0100,525839391,ichieezeudo,Charles Enyim,"{'type': 'Point', 'coordinates': [6.45765333, 3.39800667]}","Ezeudo Onye Dot @ Phase 3 Estate,Adeniji Adele Lagos Island https://t.co/392lkFoBua",ro,[],['https://www.instagram.com/p/CQMe8nhHkB8/?utm_medium=twitter'],[],0,0,0,[],[],https://twitter.com/IchieEzeudo/status/1405266212410380288,,,0,,,"6.465422,3.406448,1km",,,,,"{'user_id': None, 'username': None}",,,,
1405113333720682497,1405113333720682497,2021-06-16 11:41:39 W. Central Africa Standard Time,2021-06-16,11:41:39,+0100,284182670,hearttohearttv,Heart to Heart TV,"{'type': 'Point', 'coordinates': [6.45673, 3.4198]}",Just posted a photo @ Ibeju lekki :The New Lagos Be A Land Owner https://t.co/LJS4RYtfrH,en,[],['https://www.instagram.com/p/CQLZbEunXMS/?utm_medium=twitter'],[],0,0,0,[],[],https://twitter.com/hearttohearttv/status/1405113333720682497,,,0,,,"6.465422,3.406448,1km",,,,,"{'user_id': None, 'username': None}",,,,
1404486797988712456,1404486797988712456,2021-06-14 18:12:01 W. Central Africa Standard Time,2021-06-14,18:12:01,+0100,382561887,ogbtop4567,Mattco_properties,"{'type': 'Point', 'coordinates': [6.46369287, 3.42606601]}","Just posted a photo @ Osborne Estate, Ikoyi, Lagos, Nigeria https://t.co/Ta255mNHo7",en,[],['https://www.instagram.com/p/CQG8ggWheIp/?utm_medium=twitter'],[],0,0,0,[],[],https://twitter.com/ogbtop4567/status/1404486797988712456,,,0,,,"6.465422,3.406448,1km",,,,,"{'user_id': None, 'username': None}",,,,
1404486698059378694,1404486698059378694,2021-06-14 18:11:37 W. Central Africa Standard Time,2021-06-14,18:11:37,+0100,772769845427445761,altewale,Mr Morning Star üåü,,"Let's switch bodies for a day
You could me be and I could be you
Juggle the pile of shit that's bound to come through
You can have it since it's automaticüôÇ",en,[],[],[],1,0,2,[],[],https://twitter.com/altewale/status/1404486698059378694,,,0,,,"6.465422,3.406448,1km",,,,,"{'user_id': None, 'username': None}",,,,
1404469425798103051,1404469425798103051,2021-06-14 17:02:59 W. Central Africa Standard Time,2021-06-14,17:02:59,+0100,74504658,bdonnaclothing,Bella Donna Clothing,"{'type': 'Point', 'coordinates': [6.45762255, 3.41503506]}",Just posted a photo @ Dolphin Estate https://t.co/aTQomKJZt6,en,[],['https://www.instagram.com/p/CQG0my1Hbnw/?utm_medium=twitter'],[],0,0,0,[],[],https://twitter.com/bdonnaclothing/status/1404469425798103051,,,0,,,"6.465422,3.406448,1km",,,,,"{'user_id': None, 'username': None}",,,,
1404448378604376069,1404448378604376069,2021-06-14 15:39:21 W. Central Africa Standard Time,2021-06-14,15:39:21,+0100,213611541,tubooye,#Xavier  Ô£´.#,"{'type': 'Point', 'coordinates': [6.4587162, 3.4185633]}","If you believe in yourself and have dedication and pride - and never quit, you'll be a winner. The price of victory is high but so are the rewards...#xavier @ Icm Ikeja https://t.co/jvCQZzPpOh",en,[],['https://www.instagram.com/p/CQGrCesn3jM3E-saOTDnXO2ZNY8D52tLp3kUMw0/?utm_medium=twitter'],[],0,0,0,['xavier'],[],https://twitter.com/Tubooye/status/1404448378604376069,,,0,,,"6.465422,3.406448,1km",,,,,"{'user_id': None, 'username': None}",,,,
1404168349274226690,1404168349274226690,2021-06-13 21:06:37 W. Central Africa Standard Time,2021-06-13,21:06:37,+0100,29208324,awhpi,African Women's Health Project International-AWHPI,"{'type': 'Point', 'coordinates': [6.464518, 3.390005]}","Sunday groove @ Oba palace, isale-eko https://t.co/9W86ZQxtkY",tl,[],['https://www.instagram.com/p/CQErnunHQh6/?utm_medium=twitter'],[],0,0,0,[],[],https://twitter.com/awhpi/status/1404168349274226690,,,0,,,"6.465422,3.406448,1km",,,,,"{'user_id': None, 'username': None}",,,,
1404016478878240772,1404016478878240772,2021-06-13 11:03:08 W. Central Africa Standard Time,2021-06-13,11:03:08,+0100,284182670,hearttohearttv,Heart to Heart TV,"{'type': 'Point', 'coordinates': [6.45673, 3.4198]}",Just posted a photo @ Ibeju lekki :The New Lagos Be A Land Owner https://t.co/V5iDWsT9zk,en,[],['https://www.instagram.com/p/CQDmoj8HFwb/?utm_medium=twitter'],[],0,0,0,[],[],https://twitter.com/hearttohearttv/status/1404016478878240772,,,0,,,"6.465422,3.406448,1km",,,,,"{'user_id': None, 'username': None}",,,,
1404000448894414848,1404000448894414848,2021-06-13 09:59:26 W. Central Africa Standard Time,2021-06-13,09:59:26,+0100,1383755337119895562,popularmoonfash,popularmoonfashionworld,"{'type': 'Point', 'coordinates': [6.45707173, 3.38484038]}",+2347087440653 @ Balogun Market Lagos Island https://t.co/PqoL0cb2BM,fr,[],['https://www.instagram.com/p/CQDfWIuHOuz/?utm_medium=twitter'],[],0,0,0,[],[],https://twitter.com/popularmoonfash/status/1404000448894414848,,,0,,,"6.465422,3.406448,1km",,,,,"{'user_id': None, 'username': None}",,,,
1403959042096181249,1403959042096181249,2021-06-13 07:14:54 W. Central Africa Standard Time,2021-06-13,07:14:54,+0100,1383755337119895562,popularmoonfash,popularmoonfashionworld,"{'type': 'Point', 'coordinates': [6.45707173, 3.38484038]}",Beautiful designer. @ Balogun Market Lagos Island https://t.co/2AdhbHjF8b,fr,[],['https://www.instagram.com/p/CQDMhCknfBT/?utm_medium=twitter'],[],0,0,0,[],[],https://twitter.com/popularmoonfash/status/1403959042096181249,,,0,,,"6.465422,3.406448,1km",,,,,"{'user_id': None, 'username': None}",,,,
1403912225916653570,1403912225916653570,2021-06-13 04:08:52 W. Central Africa Standard Time,2021-06-13,04:08:52,+0100,2308442764,iambennyswag,Adeleye Benjamin Adesanoye,"{'type': 'Point', 'coordinates': [6.46601, 3.38609]}","I don confess oo, me I cannot comma die for Nigeria oo, Naija wey be Meme at the moment üòÇüòÇü§£ü§£üòõüòõ

#nigeria 
#june12 
#june12th 
#june12protest @ Muritala Mohammed In't Airport , Ikeja Lagos https://t.co/2gRgOV7Sme",en,[],['https://www.instagram.com/p/CQBKcPQAuBV/?utm_medium=twitter'],[],0,0,0,"['nigeria', 'june12', 'june12th', 'june12protest']",[],https://twitter.com/iambennyswag/status/1403912225916653570,,,0,,,"6.465422,3.406448,1km",,,,,"{'user_id': None, 'username': None}",,,,
1403753111865417736,1403753111865417736,2021-06-12 17:36:36 W. Central Africa Standard Time,2021-06-12,17:36:36,+0100,2196489567,_midas_mall,_midas_mall,"{'type': 'Point', 'coordinates': [6.45653318, 3.41531637]}",Just posted a photo @ Abuja Wuse Zone 4 https://t.co/UN4KnFG8E8,en,[],['https://www.instagram.com/p/CQBu3aYFrO_/?utm_medium=twitter'],[],0,0,0,[],[],https://twitter.com/_midas_mall/status/1403753111865417736,,,0,,,"6.465422,3.406448,1km",,,,,"{'user_id': None, 'username': None}",,,,
1403746230396727296,1403746230396727296,2021-06-12 17:09:16 W. Central Africa Standard Time,2021-06-12,17:09:16,+0100,2196489567,_midas_mall,_midas_mall,"{'type': 'Point', 'coordinates': [6.45653318, 3.41531637]}",Just posted a photo @ Abuja Wuse Zone 4 https://t.co/nIBChpskWo,en,[],['https://www.instagram.com/p/CQBrvMmlrq3/?utm_medium=twitter'],[],0,0,0,[],[],https://twitter.com/_midas_mall/status/1403746230396727296,,,0,,,"6.465422,3.406448,1km",,,,,"{'user_id': None, 'username': None}",,,,
1403744292695207939,1403744292695207939,2021-06-12 17:01:34 W. Central Africa Standard Time,2021-06-12,17:01:34,+0100,2196489567,_midas_mall,_midas_mall,"{'type': 'Point', 'coordinates': [6.45653318, 3.41531637]}",Just posted a photo @ Abuja Wuse Zone 4 https://t.co/fLMiSJ77ND,en,[],['https://www.instagram.com/p/CQBq2qflyx1/?utm_medium=twitter'],[],0,0,0,[],[],https://twitter.com/_midas_mall/status/1403744292695207939,,,0,,,"6.465422,3.406448,1km",,,,,"{'user_id': None, 'username': None}",,,,
1403643245062656004,1403643245062656004,2021-06-12 10:20:02 W. Central Africa Standard Time,2021-06-12,10:20:02,+0100,1383755337119895562,popularmoonfash,popularmoonfashionworld,"{'type': 'Point', 'coordinates': [6.45707173, 3.38484038]}","Beauty comes from Zara....
+3347087440653 @ Balogun Market Lagos Island https://t.co/mWTAHAnhlI",en,[],['https://www.instagram.com/p/CQA86MuHJZ-/?utm_medium=twitter'],[],0,0,0,[],[],https://twitter.com/popularmoonfash/status/1403643245062656004,,,0,,,"6.465422,3.406448,1km",,,,,"{'user_id': None, 'username': None}",,,,
1403440882884489226,1403440882884489226,2021-06-11 20:55:55 W. Central Africa Standard Time,2021-06-11,20:55:55,+0100,1383755337119895562,popularmoonfash,popularmoonfashionworld,"{'type': 'Point', 'coordinates': [6.45707173, 3.38484038]}","Home of Quality women üëúüëú handbags.
+2347087440653.
Call/WhatsApp @ Balogun Market Lagos Island https://t.co/mqnu33NcOE",en,[],['https://www.instagram.com/p/CP_g4aEHY0j/?utm_medium=twitter'],[],0,0,0,[],[],https://twitter.com/popularmoonfash/status/1403440882884489226,,,0,,,"6.465422,3.406448,1km",,,,,"{'user_id': None, 'username': None}",,,,
1403432080420360194,1403432080420360194,2021-06-11 20:20:57 W. Central Africa Standard Time,2021-06-11,20:20:57,+0100,394619680,iamspinol,Ol√°nrew√°j√∫ üá™üá™,,Take two üßä https://t.co/7SnYWpnVGq,en,[],[],"['https://pbs.twimg.com/media/E3n96J3XIAYfy7E.jpg', 'https://pbs.twimg.com/media/E3n96J3XoAQDetx.jpg']",1,1,7,[],[],https://twitter.com/iamSpinol/status/1403432080420360194,,https://twitter.com/bukola_beckley/status/1403048571264507904,1,https://pbs.twimg.com/media/E3n96J3XIAYfy7E.jpg,,"6.465422,3.406448,1km",,,,,"{'user_id': None, 'username': None}",,,,
1403345036314439685,1403345036314439685,2021-06-11 14:35:04 W. Central Africa Standard Time,2021-06-11,14:35:04,+0100,4705400558,kilikina8,Toluwani,"{'type': 'Point', 'coordinates': [6.4587162, 3.4185633]}",Just posted a photo @ Icm Ikeja https://t.co/cue2g4euF1,en,[],['https://www.instagram.com/p/CP-1S9Ln8RT/?utm_medium=twitter'],[],0,0,0,[],[],https://twitter.com/Kilikina8/status/1403345036314439685,,,0,,,"6.465422,3.406448,1km",,,,,"{'user_id': None, 'username': None}",,,,
1402932550427889668,1402932550427889668,2021-06-10 11:15:59 W. Central Africa Standard Time,2021-06-10,11:15:59,+0100,284182670,hearttohearttv,Heart to Heart TV,"{'type': 'Point', 'coordinates': [6.45673, 3.4198]}",Just posted a photo @ Ibeju lekki :The New Lagos Be A Land Owner https://t.co/QpanTSQGCy,en,[],['https://www.instagram.com/p/CP75uF-nJAP/?utm_medium=twitter'],[],0,0,0,[],[],https://twitter.com/hearttohearttv/status/1402932550427889668,,,0,,,"6.465422,3.406448,1km",,,,,"{'user_id': None, 'username': None}",,,,
1402761373516537856,1402761373516537856,2021-06-09 23:55:48 W. Central Africa Standard Time,2021-06-09,23:55:48,+0100,259783958,djadxnaija_boss,OFFICIAL DJ ADX NAIJA BOSS üá≥üá¨,"{'type': 'Point', 'coordinates': [6.46233411, 3.38590025]}",#ClassicCars üëåüëåüëå @ Money Must Be Made https://t.co/B3UsBuSJej,en,[],['https://www.instagram.com/p/CP6ryJbHx9Z/?utm_medium=twitter'],[],0,0,0,['classiccars'],[],https://twitter.com/DJADXNAIJA_BOSS/status/1402761373516537856,,,0,,,"6.465422,3.406448,1km",,,,,"{'user_id': None, 'username': None}",,,,
1402719187575918608,1402719187575918608,2021-06-09 21:08:10 W. Central Africa Standard Time,2021-06-09,21:08:10,+0100,1383755337119895562,popularmoonfash,popularmoonfashionworld,"{'type': 'Point', 'coordinates': [6.45707173, 3.38484038]}","Home üè†üè† of Quality women üëúüëú handbags.
+2347087440653  is our contact to call/WhatsApp. @ Balogun Market Lagos Island https://t.co/YwdWqyCUrI",en,[],['https://www.instagram.com/p/CP6YscBn5eA/?utm_medium=twitter'],[],0,0,0,[],[],https://twitter.com/popularmoonfash/status/1402719187575918608,,,0,,,"6.465422,3.406448,1km",,,,,"{'user_id': None, 'username': None}",,,,
1402687287452913668,1402687287452913668,2021-06-09 19:01:24 W. Central Africa Standard Time,2021-06-09,19:01:24,+0100,295597371,adunni_alasoo,lola billions,"{'type': 'Point', 'coordinates': [6.45922125, 3.38638032]}",Just posted a video @ Kosoko Palace Ereko Idumota https://t.co/MIauIzKtu8,pl,[],['https://www.instagram.com/p/CP6KLaBHzOx/?utm_medium=twitter'],[],0,0,0,[],[],https://twitter.com/adunni_alasoo/status/1402687287452913668,,,0,,,"6.465422,3.406448,1km",,,,,"{'user_id': None, 'username': None}",,,,
1402687136311218177,1402687136311218177,2021-06-09 19:00:48 W. Central Africa Standard Time,2021-06-09,19:00:48,+0100,295597371,adunni_alasoo,lola billions,"{'type': 'Point', 'coordinates': [6.45922125, 3.38638032]}",Just posted a photo @ Kosoko Palace Ereko Idumota https://t.co/LChOogQ9Bv,pl,[],['https://www.instagram.com/p/CP6KHoqnGlV/?utm_medium=twitter'],[],0,0,0,[],[],https://twitter.com/adunni_alasoo/status/1402687136311218177,,,0,,,"6.465422,3.406448,1km",,,,,"{'user_id': None, 'username': None}",,,,
1402282688086564871,1402282688086564871,2021-06-08 16:13:40 W. Central Africa Standard Time,2021-06-08,16:13:40,+0100,1363662493,zizieventsndeco,ALADABA Zainab Damilolaüëë üá≥üá¨,"{'type': 'Point', 'coordinates': [6.45707173, 3.38484038]}",Just posted a photo @ Balogun Market Lagos Island https://t.co/cjUKAJBPTW,en,[],['https://www.instagram.com/p/CP3SMXwJL-K/?utm_medium=twitter'],[],0,0,0,[],[],https://twitter.com/zizieventsNdeco/status/1402282688086564871,,,0,,,"6.465422,3.406448,1km",,,,,"{'user_id': None, 'username': None}",,,,
1401994281297002507,1401994281297002507,2021-06-07 21:07:39 W. Central Africa Standard Time,2021-06-07,21:07:39,+0100,859190615355031552,saviorokey,Savior Okechukwu,"{'type': 'Point', 'coordinates': [6.45673, 3.4198]}",Just posted a photo @ Ibeju lekki :The New Lagos Be A Land Owner https://t.co/wKjjZOs012,en,[],['https://www.instagram.com/p/CP1PC3nlMsQ/?utm_medium=twitter'],[],0,0,0,[],[],https://twitter.com/SaviorOkey/status/1401994281297002507,,,0,,,"6.465422,3.406448,1km",,,,,"{'user_id': None, 'username': None}",,,,
1401957150654709767,1401957150654709767,2021-06-07 18:40:06 W. Central Africa Standard Time,2021-06-07,18:40:06,+0100,295597371,adunni_alasoo,lola billions,"{'type': 'Point', 'coordinates': [6.45922125, 3.38638032]}",Just posted a photo @ Kosoko Palace Ereko Idumota https://t.co/tAMNu3GTOJ,pl,[],['https://www.instagram.com/p/CP0-KYunaIT/?utm_medium=twitter'],[],0,0,0,[],[],https://twitter.com/adunni_alasoo/status/1401957150654709767,,,0,,,"6.465422,3.406448,1km",,,,,"{'user_id': None, 'username': None}",,,,
1401956833250713605,1401956833250713605,2021-06-07 18:38:50 W. Central Africa Standard Time,2021-06-07,18:38:50,+0100,295597371,adunni_alasoo,lola billions,"{'type': 'Point', 'coordinates': [6.45922125, 3.38638032]}",Just posted a photo @ Kosoko Palace Ereko Idumota https://t.co/h3BbvJr3U3,pl,[],['https://www.instagram.com/p/CP0-BJvnea_/?utm_medium=twitter'],[],0,0,0,[],[],https://twitter.com/adunni_alasoo/status/1401956833250713605,,,0,,,"6.465422,3.406448,1km",,,,,"{'user_id': None, 'username': None}",,,,
1401956793341861890,1401956793341861890,2021-06-07 18:38:41 W. Central Africa Standard Time,2021-06-07,18:38:41,+0100,295597371,adunni_alasoo,lola billions,"{'type': 'Point', 'coordinates': [6.45922125, 3.38638032]}",Just posted a photo @ Kosoko Palace Ereko Idumota https://t.co/pQSOGAJuUY,pl,[],['https://www.instagram.com/p/CP09_vDnbVp/?utm_medium=twitter'],[],0,0,0,[],[],https://twitter.com/adunni_alasoo/status/1401956793341861890,,,0,,,"6.465422,3.406448,1km",,,,,"{'user_id': None, 'username': None}",,,,
1401949235268964356,1401949235268964356,2021-06-07 18:08:39 W. Central Africa Standard Time,2021-06-07,18:08:39,+0100,1284746714017083392,fabsbyabike,ABIKE ALASO NI EKO,"{'type': 'Point', 'coordinates': [6.45707173, 3.38484038]}",Just posted a photo @ Balogun Market Lagos Island https://t.co/AR40BI5B1C,en,[],['https://www.instagram.com/p/CP06j7LHO0Y/?utm_medium=twitter'],[],0,0,0,[],[],https://twitter.com/fabsbyabike/status/1401949235268964356,,,0,,,"6.465422,3.406448,1km",,,,,"{'user_id': None, 'username': None}",,,,
1401907933319991301,1401907933319991301,2021-06-07 15:24:32 W. Central Africa Standard Time,2021-06-07,15:24:32,+0100,206780559,adwuy,Adelock Solution,"{'type': 'Point', 'coordinates': [6.45950195, 3.38765213]}","Adelock Enterprises offers high quality of security locks. Ranging from Intelligent smart locks, hotel locks and so on. We offer sales, installation and maintenance of all our products. DM us today to get more info. https://t.co/Y0zH8mJKPv",en,[],['https://www.instagram.com/p/CP0nxupp4Hy/?utm_medium=twitter'],[],0,0,0,[],[],https://twitter.com/adwuy/status/1401907933319991301,,,0,,,"6.465422,3.406448,1km",,,,,"{'user_id': None, 'username': None}",,,,
1401826676028448768,1401826676028448768,2021-06-07 10:01:38 W. Central Africa Standard Time,2021-06-07,10:01:38,+0100,295597371,adunni_alasoo,lola billions,"{'type': 'Point', 'coordinates': [6.45922125, 3.38638032]}",Just posted a photo @ Kosoko Palace Ereko Idumota https://t.co/eIshLRKR0B,pl,[],['https://www.instagram.com/p/CP0C069nUhU/?utm_medium=twitter'],[],0,0,0,[],[],https://twitter.com/adunni_alasoo/status/1401826676028448768,,,0,,,"6.465422,3.406448,1km",,,,,"{'user_id': None, 'username': None}",,,,
1401826418032533505,1401826418032533505,2021-06-07 10:00:37 W. Central Africa Standard Time,2021-06-07,10:00:37,+0100,295597371,adunni_alasoo,lola billions,"{'type': 'Point', 'coordinates': [6.45922125, 3.38638032]}",Just posted a photo @ Kosoko Palace Ereko Idumota https://t.co/5PSxW3CMeT,pl,[],['https://www.instagram.com/p/CP0CthOn3T8/?utm_medium=twitter'],[],0,0,0,[],[],https://twitter.com/adunni_alasoo/status/1401826418032533505,,,0,,,"6.465422,3.406448,1km",,,,,"{'user_id': None, 'username': None}",,,,
1401826255792660484,1401826255792660484,2021-06-07 09:59:58 W. Central Africa Standard Time,2021-06-07,09:59:58,+0100,295597371,adunni_alasoo,lola billions,"{'type': 'Point', 'coordinates': [6.45922125, 3.38638032]}",Just posted a photo @ Kosoko Palace Ereko Idumota https://t.co/Fad0Sf57h9,pl,[],['https://www.instagram.com/p/CP0CowcnVJG/?utm_medium=twitter'],[],0,0,0,[],[],https://twitter.com/adunni_alasoo/status/1401826255792660484,,,0,,,"6.465422,3.406448,1km",,,,,"{'user_id': None, 'username': None}",,,,
1401812531283382272,1401812531283382272,2021-06-07 09:05:26 W. Central Africa Standard Time,2021-06-07,09:05:26,+0100,274378995,g2iceo,gmhrealtyltd,"{'type': 'Point', 'coordinates': [6.458416, 3.411336]}",Just posted a photo @ Novare Lekki mall Sangotedo https://t.co/wUTxXFgsQj,en,[],['https://www.instagram.com/p/CPz8ZDghQGm/?utm_medium=twitter'],[],0,0,0,[],[],https://twitter.com/g2iceo/status/1401812531283382272,,,0,,,"6.465422,3.406448,1km",,,,,"{'user_id': None, 'username': None}",,,,
1401810833240473602,1401810833240473602,2021-06-07 08:58:41 W. Central Africa Standard Time,2021-06-07,08:58:41,+0100,274378995,g2iceo,gmhrealtyltd,"{'type': 'Point', 'coordinates': [6.458416, 3.411336]}",Just posted a video @ Novare Lekki mall Sangotedo https://t.co/viMslxenMD,en,[],['https://www.instagram.com/p/CPz7mTVBOHe/?utm_medium=twitter'],[],0,0,0,[],[],https://twitter.com/g2iceo/status/1401810833240473602,,,0,,,"6.465422,3.406448,1km",,,,,"{'user_id': None, 'username': None}",,,,
1401613115884773385,1401613115884773385,2021-06-06 19:53:02 W. Central Africa Standard Time,2021-06-06,19:53:02,+0100,111995384,kingekhaiyeme,King Solomon,"{'type': 'Point', 'coordinates': [6.46601, 3.38609]}","ITS OFFICIAL!
#changeByRuggedman will be released on all music platforms on the 12th of June 2021. #ruggedman #changebyruggedman @ Muritala Mohammed In't Airport , Ikeja Lagos https://t.co/d5w34mvdLN",en,[],['https://www.instagram.com/p/CPyhtiaH_Vm/?utm_medium=twitter'],[],0,0,0,"['changebyruggedman', 'ruggedman', 'changebyruggedman']",[],https://twitter.com/KingEkhaiyeme/status/1401613115884773385,,,0,,,"6.465422,3.406448,1km",,,,,"{'user_id': None, 'username': None}",,,,
1401596600699473926,1401596600699473926,2021-06-06 18:47:24 W. Central Africa Standard Time,2021-06-06,18:47:24,+0100,74504658,bdonnaclothing,Bella Donna Clothing,"{'type': 'Point', 'coordinates': [6.45762255, 3.41503506]}",Just posted a photo @ Dolphin Estate https://t.co/s33PH4xWXP,en,[],['https://www.instagram.com/p/CPyaMlRnXnR/?utm_medium=twitter'],[],0,0,0,[],[],https://twitter.com/bdonnaclothing/status/1401596600699473926,,,0,,,"6.465422,3.406448,1km",,,,,"{'user_id': None, 'username': None}",,,,
1401143932474564608,1401143932474564608,2021-06-05 12:48:40 W. Central Africa Standard Time,2021-06-05,12:48:40,+0100,445681071,toheebaremu99,Toheeb Aremu,"{'type': 'Point', 'coordinates': [6.46189007, 3.38686851]}","Branded caps 

To order 
Call/WhatsApp 07037973927

#caps #politicalbrand #politicalbranding #politicalbrandingconsultant #brandingconsultant #printingconsultant #consultant #brandedwears #chefscap #chefcap #cap https://t.co/RiPR29M1Mj",en,[],['https://www.instagram.com/p/CPvMWY2D20k/?utm_medium=twitter'],[],0,0,0,"['caps', 'politicalbrand', 'politicalbranding', 'politicalbrandingconsultant', 'brandingconsultant', 'printingconsultant', 'consultant', 'brandedwears', 'chefscap', 'chefcap', 'cap']",[],https://twitter.com/ToheebAremu99/status/1401143932474564608,,,0,,,"6.465422,3.406448,1km",,,,,"{'user_id': None, 'username': None}",,,,
1401069073824464896,1401069073824464896,2021-06-05 07:51:12 W. Central Africa Standard Time,2021-06-05,07:51:12,+0100,521232945,dekeri_oyewole,Oba_Edo,,#TwitterBan  is a sign that we are being ruled by a dictator. #EndNigeriaNowToSaveLives,en,[],[],[],0,0,0,"['twitterban', 'endnigerianowtosavelives']",[],https://twitter.com/dekeri_oyewole/status/1401069073824464896,,,0,,,"6.465422,3.406448,1km",,,,,"{'user_id': None, 'username': None}",,,,
1400917108964433920,1400917108964433920,2021-06-04 21:47:21 W. Central Africa Standard Time,2021-06-04,21:47:21,+0100,1324090392711733249,official_ajeed,"ÿπÿ®ÿØÿßŸÑÿ±ÿ≠ŸÖŸÜ, ÿ£ÿ¨ÿØ","{'type': 'Point', 'coordinates': [6.46417, 3.42661]}",Black is beautiful... @ United African Republic https://t.co/gkX1bxuKmU,en,[],['https://www.instagram.com/p/CPtlNKWlAxi/?utm_medium=twitter'],[],0,0,0,[],[],https://twitter.com/official_ajeed/status/1400917108964433920,,,0,,,"6.465422,3.406448,1km",,,,,"{'user_id': None, 'username': None}",,,,
1400877140204310529,1400877140204310529,2021-06-04 19:08:31 W. Central Africa Standard Time,2021-06-04,19:08:31,+0100,1299507803279839232,elroy_itachi,ùíÜùíçùíìùíêùíö of Assisi üëëüá™üá¶,,"Oluwa olorun awon omo ogun awa fi yemi si e lowo oluwa bawa tu sile 
Ninu gbogbo ide ti won ti de yemi si oluwa bawa mu jade
Iwo lo mu lazaru jade ni ipo oku oluwa bawa mu yemi jade ninu ide https://t.co/z0tSVJdEXW",in,[],[],['https://pbs.twimg.com/media/E3DqU20WYAEsRIj.jpg'],0,0,1,[],[],https://twitter.com/elroy_itachi/status/1400877140204310529,,https://twitter.com/Letter_to_Jack/status/1400853764358160388,1,https://pbs.twimg.com/media/E3DqU20WYAEsRIj.jpg,,"6.465422,3.406448,1km",,,,,"{'user_id': None, 'username': None}",,,,
1400847094257262595,1400847094257262595,2021-06-04 17:09:08 W. Central Africa Standard Time,2021-06-04,17:09:08,+0100,1353830090338148352,zaddydmw,√Öz√ÖM√Ö√ë 30BGüòà,,The G.O.A.T üêê https://t.co/5O0dGgEayu,en,[],[],['https://pbs.twimg.com/media/E3DPAgDWYAAJevH.jpg'],0,10,31,[],[],https://twitter.com/zaddyDmw/status/1400847094257262595,,,1,https://pbs.twimg.com/media/E3DPAgDWYAAJevH.jpg,,"6.465422,3.406448,1km",,,,,"{'user_id': None, 'username': None}",,,,
1400819080714674177,1400819080714674177,2021-06-04 15:17:49 W. Central Africa Standard Time,2021-06-04,15:17:49,+0100,75987840,stidmanboogie,Stidman,"{'type': 'Point', 'coordinates': [6.46381, 3.42118]}",Just posted a photo @ B.M.G https://t.co/kJJl63S1kq,en,[],['https://www.instagram.com/p/CPs4n_6MK9h/?utm_medium=twitter'],[],0,0,0,[],[],https://twitter.com/Stidmanboogie/status/1400819080714674177,,,0,,,"6.465422,3.406448,1km",,,,,"{'user_id': None, 'username': None}",,,,
1400798806313254912,1400798806313254912,2021-06-04 13:57:15 W. Central Africa Standard Time,2021-06-04,13:57:15,+0100,4337089396,fikayoaguda,#FikayoAguda,"{'type': 'Point', 'coordinates': [6.46601, 3.38609]}","Aircraft got stuck in the mud after skidding off the runway in Murtala Mohmed Airport, Lagos, Nigeria. @ Muritala Mohammed In't Airport , Ikeja Lagos https://t.co/W5KhR9kOtn",en,[],['https://www.instagram.com/p/CPsvYffDUDr/?utm_medium=twitter'],[],0,0,0,[],[],https://twitter.com/FikayoAguda/status/1400798806313254912,,,0,,,"6.465422,3.406448,1km",,,,,"{'user_id': None, 'username': None}",,,,
1400725895091007490,1400725895091007490,2021-06-04 09:07:32 W. Central Africa Standard Time,2021-06-04,09:07:32,+0100,1249502886372884480,olajuwonoyekan,Ibrahim Olajuwon Oyekan,,"NYSC Corps, I hope you guys are coping with the war mobilization training you areundergoing‚ùì Nigeria or United African Republic (U.A.R) a country with a confused ü§∑‚Äç‚ôÇÔ∏è politicians/leaders with confused appointees....I can‚Äôt just stop üõë laughing ü§£ü§£ü§£ https://t.co/A80jCosbcY",en,[],[],[],0,0,0,[],[],https://twitter.com/OlajuwonOyekan/status/1400725895091007490,,,1,https://pbs.twimg.com/ext_tw_video_thumb/1400725781115019264/pu/img/pF-JPHWB4zRoCyrl.jpg,,"6.465422,3.406448,1km",,,,,"{'user_id': None, 'username': None}",,,,
1400364294659788801,1400364294659788801,2021-06-03 09:10:40 W. Central Africa Standard Time,2021-06-03,09:10:40,+0100,1284746714017083392,fabsbyabike,ABIKE ALASO NI EKO,"{'type': 'Point', 'coordinates': [6.45707173, 3.38484038]}",Just posted a photo @ Balogun Market Lagos Island https://t.co/WUkbYzC7PS,en,[],['https://www.instagram.com/p/CPppz4sHW9_/?utm_medium=twitter'],[],0,1,0,[],[],https://twitter.com/fabsbyabike/status/1400364294659788801,,,0,,,"6.465422,3.406448,1km",,,,,"{'user_id': None, 'username': None}",,,,
1400261732384219136,1400261732384219136,2021-06-03 02:23:07 W. Central Africa Standard Time,2021-06-03,02:23:07,+0100,39230775,djalijournalist,DJ ALI JOURNALIST,"{'type': 'Point', 'coordinates': [6.46601, 3.38609]}","Plan B Loading...Nigerians running from Nigeria. @ Muritala Mohammed In't Airport , Ikeja Lagos https://t.co/yU7jw2VaEM",en,[],['https://www.instagram.com/p/CPo7JyEne9n/?utm_medium=twitter'],[],0,0,0,[],[],https://twitter.com/djalijournalist/status/1400261732384219136,,,0,,,"6.465422,3.406448,1km",,,,,"{'user_id': None, 'username': None}",,,,
1400207329455337474,1400207329455337474,2021-06-02 22:46:56 W. Central Africa Standard Time,2021-06-02,22:46:56,+0100,295597371,adunni_alasoo,lola billions,"{'type': 'Point', 'coordinates': [6.45922125, 3.38638032]}",Just posted a video @ Kosoko Palace Ereko Idumota https://t.co/eEZYArNKVQ,pl,[],['https://www.instagram.com/p/CPoiYNwH2Vj/?utm_medium=twitter'],[],0,0,0,[],[],https://twitter.com/adunni_alasoo/status/1400207329455337474,,,0,,,"6.465422,3.406448,1km",,,,,"{'user_id': None, 'username': None}",,,,
1400206043855085571,1400206043855085571,2021-06-02 22:41:50 W. Central Africa Standard Time,2021-06-02,22:41:50,+0100,295597371,adunni_alasoo,lola billions,"{'type': 'Point', 'coordinates': [6.45922125, 3.38638032]}",Just posted a photo @ Kosoko Palace Ereko Idumota https://t.co/qyXUqB7NSp,pl,[],['https://www.instagram.com/p/CPoh2dTHbHm/?utm_medium=twitter'],[],0,0,0,[],[],https://twitter.com/adunni_alasoo/status/1400206043855085571,,,0,,,"6.465422,3.406448,1km",,,,,"{'user_id': None, 'username': None}",,,,
1400150603972726789,1400150603972726789,2021-06-02 19:01:32 W. Central Africa Standard Time,2021-06-02,19:01:32,+0100,259376918,iamyhemii,Yhemii USA üá∫üá∏,"{'type': 'Point', 'coordinates': [6.46189007, 3.38686851]}",Just posted a photo @ Idumota https://t.co/NFhqGIxL3I,en,[],['https://www.instagram.com/p/CPoIopzJb6E/?utm_medium=twitter'],[],0,0,0,[],[],https://twitter.com/iamyhemii/status/1400150603972726789,,,0,,,"6.465422,3.406448,1km",,,,,"{'user_id': None, 'username': None}",,,,
1400087777484623873,1400087777484623873,2021-06-02 14:51:53 W. Central Africa Standard Time,2021-06-02,14:51:53,+0100,1384923553989079041,____lagosbabe,Lagosbabe house of glamour,"{'type': 'Point', 'coordinates': [6.45653318, 3.41531637]}",Just posted a photo @ Abuja Wuse Zone 4 https://t.co/hPBWfA2oUt,en,[],['https://www.instagram.com/p/CPnsELdHkA3/?utm_medium=twitter'],[],0,0,1,[],[],https://twitter.com/____LAGOSBABE/status/1400087777484623873,,,0,,,"6.465422,3.406448,1km",,,,,"{'user_id': None, 'username': None}",,,,
1400051819045294092,1400051819045294092,2021-06-02 12:29:00 W. Central Africa Standard Time,2021-06-02,12:29:00,+0100,2196489567,_midas_mall,_midas_mall,"{'type': 'Point', 'coordinates': [6.45653318, 3.41531637]}",Just posted a photo @ Abuja Wuse Zone 4 https://t.co/dakj6QWr8V,en,[],['https://www.instagram.com/p/CPnbtmlFgaS/?utm_medium=twitter'],[],0,0,0,[],[],https://twitter.com/_midas_mall/status/1400051819045294092,,,0,,,"6.465422,3.406448,1km",,,,,"{'user_id': None, 'username': None}",,,,
1400045149498056705,1400045149498056705,2021-06-02 12:02:29 W. Central Africa Standard Time,2021-06-02,12:02:29,+0100,872120527,uptymus,prime üóØ,,@Nairametrics m,und,['nairametrics'],[],[],0,0,0,[],[],https://twitter.com/uptymus/status/1400045149498056705,,,0,,,"6.465422,3.406448,1km",,,,,"{'user_id': '1427565012', 'username': 'Nairametrics'}",,,,
1400002830799360000,1400002830799360000,2021-06-02 09:14:20 W. Central Africa Standard Time,2021-06-02,09:14:20,+0100,274378995,g2iceo,gmhrealtyltd,"{'type': 'Point', 'coordinates': [6.458416, 3.411336]}",Just posted a video @ Novare Lekki mall Sangotedo https://t.co/dnU4AeJ09b,en,[],['https://www.instagram.com/p/CPnFalahZOl/?utm_medium=twitter'],[],0,0,0,[],[],https://twitter.com/g2iceo/status/1400002830799360000,,,0,,,"6.465422,3.406448,1km",,,,,"{'user_id': None, 'username': None}",,,,
1399708633278124034,1399708633278124034,2021-06-01 13:45:18 W. Central Africa Standard Time,2021-06-01,13:45:18,+0100,75987840,stidmanboogie,Stidman,"{'type': 'Point', 'coordinates': [6.46381, 3.42118]}",Just posted a photo @ B.M.G https://t.co/1r6nVjhbKq,en,[],['https://www.instagram.com/p/CPk_psoMTBQ/?utm_medium=twitter'],[],0,0,0,[],[],https://twitter.com/Stidmanboogie/status/1399708633278124034,,,0,,,"6.465422,3.406448,1km",,,,,"{'user_id': None, 'username': None}",,,,
1399708496212500481,1399708496212500481,2021-06-01 13:44:45 W. Central Africa Standard Time,2021-06-01,13:44:45,+0100,504552500,makeit_wow,Make-It-WoW! Surprises,"{'type': 'Point', 'coordinates': [6.45697, 3.411188]}","Happy Birthday Ma‚Ä¶ 
#justgotwow #makeitwow 
We deliver your emotions. @ Dolphin Estate Ikoyi,Lagos https://t.co/S1kL5CRSuL",en,[],['https://www.instagram.com/p/CPk_lgWHlAb/?utm_medium=twitter'],[],0,0,0,"['justgotwow', 'makeitwow']",[],https://twitter.com/Makeit_Wow/status/1399708496212500481,,,0,,,"6.465422,3.406448,1km",,,,,"{'user_id': None, 'username': None}",,,,
1399646595419971584,1399646595419971584,2021-06-01 09:38:47 W. Central Africa Standard Time,2021-06-01,09:38:47,+0100,445681071,toheebaremu99,Toheeb Aremu,"{'type': 'Point', 'coordinates': [6.4662, 3.38598]}",Just posted a photo @ Gtb Bank https://t.co/HAywLasFro,en,[],['https://www.instagram.com/p/CPkjb24jvlT/?utm_medium=twitter'],[],0,0,0,[],[],https://twitter.com/ToheebAremu99/status/1399646595419971584,,,0,,,"6.465422,3.406448,1km",,,,,"{'user_id': None, 'username': None}",,,,
1399400128616751109,1399400128616751109,2021-05-31 17:19:24 W. Central Africa Standard Time,2021-05-31,17:19:24,+0100,75987840,stidmanboogie,Stidman,"{'type': 'Point', 'coordinates': [6.46381, 3.42118]}",Just posted a photo @ B.M.G https://t.co/UrJvp75XFV,en,[],['https://www.instagram.com/p/CPizXBCM68v/?utm_medium=twitter'],[],0,0,0,[],[],https://twitter.com/Stidmanboogie/status/1399400128616751109,,,0,,,"6.465422,3.406448,1km",,,,,"{'user_id': None, 'username': None}",,,,
1399397238909112329,1399397238909112329,2021-05-31 17:07:55 W. Central Africa Standard Time,2021-05-31,17:07:55,+0100,4117605736,fidoofficial,ZUGUMBA ‚öîÔ∏è,"{'type': 'Point', 'coordinates': [6.46601, 3.38609]}","Sup LASGIDI #mywoman out on all platforms 
The link  is bio me!! 

.
.
.
#peace #love #mywoman #fido #zugumba @ Muritala Mohammed In't Airport , Ikeja Lagos https://t.co/Nq5SJ75gNp",en,[],['https://www.instagram.com/p/CPiyC8bDINS/?utm_medium=twitter'],[],0,0,0,"['mywoman', 'peace', 'love', 'mywoman', 'fido', 'zugumba']",[],https://twitter.com/fidoofficial/status/1399397238909112329,,,0,,,"6.465422,3.406448,1km",,,,,"{'user_id': None, 'username': None}",,,,
1399390871431299076,1399390871431299076,2021-05-31 16:42:37 W. Central Africa Standard Time,2021-05-31,16:42:37,+0100,295597371,adunni_alasoo,lola billions,"{'type': 'Point', 'coordinates': [6.45922125, 3.38638032]}",Just posted a photo @ Kosoko Palace Ereko Idumota https://t.co/G9rroj39c6,pl,[],['https://www.instagram.com/p/CPivJrqH5v-/?utm_medium=twitter'],[],0,0,0,[],[],https://twitter.com/adunni_alasoo/status/1399390871431299076,,,0,,,"6.465422,3.406448,1km",,,,,"{'user_id': None, 'username': None}",,,,
1399389961871368200,1399389961871368200,2021-05-31 16:39:00 W. Central Africa Standard Time,2021-05-31,16:39:00,+0100,295597371,adunni_alasoo,lola billions,"{'type': 'Point', 'coordinates': [6.45922125, 3.38638032]}",Just posted a photo @ Kosoko Palace Ereko Idumota https://t.co/BQ6JeZ7E9Y,pl,[],['https://www.instagram.com/p/CPiuvWNHbW7/?utm_medium=twitter'],[],0,0,0,[],[],https://twitter.com/adunni_alasoo/status/1399389961871368200,,,0,,,"6.465422,3.406448,1km",,,,,"{'user_id': None, 'username': None}",,,,
1399389606722916352,1399389606722916352,2021-05-31 16:37:36 W. Central Africa Standard Time,2021-05-31,16:37:36,+0100,295597371,adunni_alasoo,lola billions,"{'type': 'Point', 'coordinates': [6.45922125, 3.38638032]}",Just posted a photo @ Kosoko Palace Ereko Idumota https://t.co/maph8t81AL,pl,[],['https://www.instagram.com/p/CPiuk43nELO/?utm_medium=twitter'],[],0,0,0,[],[],https://twitter.com/adunni_alasoo/status/1399389606722916352,,,0,,,"6.465422,3.406448,1km",,,,,"{'user_id': None, 'username': None}",,,,
1399059264489013259,1399059264489013259,2021-05-30 18:44:56 W. Central Africa Standard Time,2021-05-30,18:44:56,+0100,914018288363098112,matches4u,Muhammad,,Hello Lagos!,es,[],[],[],0,0,0,[],[],https://twitter.com/matches4u/status/1399059264489013259,,,0,,,"6.465422,3.406448,1km",,,,,"{'user_id': None, 'username': None}",,,,
1399031323558354944,1399031323558354944,2021-05-30 16:53:54 W. Central Africa Standard Time,2021-05-30,16:53:54,+0100,716651059016560645,dj_yorgzy,THE SCARF DJ üß£,"{'type': 'Point', 'coordinates': [6.46601, 3.38609]}","Just posted a photo @ Muritala Mohammed In't Airport , Ikeja Lagos https://t.co/1ZFOMmpZ3t",en,[],['https://www.instagram.com/p/CPgLpVWMFe2/?utm_medium=twitter'],[],0,0,0,[],[],https://twitter.com/dj_yorgzy/status/1399031323558354944,,,0,,,"6.465422,3.406448,1km",,,,,"{'user_id': None, 'username': None}",,,,
1399022626153156617,1398786592400101379,2021-05-30 16:19:21 W. Central Africa Standard Time,2021-05-30,16:19:21,+0100,489501597,babatolly,Babatolly,,@modibbo_abdul B you have hhhbb up b  hbuuhu UCH huh huh b unilag JJ u  hbd hbUju Buharist Humprey muhbith https://t.co/9dbfwQAINj,in,['modibbo_abdul'],[],['https://pbs.twimg.com/tweet_video_thumb/E2pTpwlWYAMJ5xI.jpg'],0,0,1,[],[],https://twitter.com/babatolly/status/1399022626153156617,,,1,https://pbs.twimg.com/tweet_video_thumb/E2pTpwlWYAMJ5xI.jpg,,"6.465422,3.406448,1km",,,,,"{'user_id': '1108232100', 'username': 'modibbo_abdul'}",,,,
1398912878745427972,1398912878745427972,2021-05-30 09:03:15 W. Central Africa Standard Time,2021-05-30,09:03:15,+0100,377036181,olatundun___,Ogunkunle Amina,,https://t.co/Z8taKvbsKO,und,[],[],"['https://pbs.twimg.com/media/E2nvuLyWEAAdheZ.jpg', 'https://pbs.twimg.com/media/E2nvvraWQAMiicZ.jpg', 'https://pbs.twimg.com/media/E2nvxJLXEAIIlf6.jpg', 'https://pbs.twimg.com/media/E2nvyy0XoAIqLsz.jpg']",5,8,22,[],[],https://twitter.com/olatundun___/status/1398912878745427972,,,1,https://pbs.twimg.com/media/E2nvuLyWEAAdheZ.jpg,,"6.465422,3.406448,1km",,,,,"{'user_id': None, 'username': None}",,,,
1398872159456464898,1398872159456464898,2021-05-30 06:21:27 W. Central Africa Standard Time,2021-05-30,06:21:27,+0100,58233779,kachismiles,ùë∫ùíäùíì. ùë©,"{'type': 'Point', 'coordinates': [6.46175321, 3.38993472]}","Just woke up and no it wasn't a dream. We are the Champions of Europe! C H E L S E A  F C ! We did it again!!! #chelseafc #championsleaguefinal2021 @ Stamford Bridge,London. https://t.co/NOqDuLxA7V",en,[],['https://www.instagram.com/p/CPfDRNWHrrV/?utm_medium=twitter'],[],0,0,0,"['chelseafc', 'championsleaguefinal2021']",[],https://twitter.com/Kachismiles/status/1398872159456464898,,,0,,,"6.465422,3.406448,1km",,,,,"{'user_id': None, 'username': None}",,,,
